event_key,symbol,company_name,period_ended,fiscal_quarter,result_announcement_datetime,announcement_session_type,feature_cutoff_date,reaction_start_date,reaction_class,quality_flags,price_history_days,benchmark_history_days
ADANIENT_2024-06-30,ADANIENT,Adani Enterprises Ltd.,2024-06-30,2024-Q1,2024-08-01 14:51:16,during_market,2024-07-31,2024-08-02,POSITIVE,INSUFFICIENT_HISTORY_return_20d|INSUFFICIENT_HISTORY_return_60d|INSUFFICIENT_HISTORY_volatility_20d|INSUFFICIENT_HISTORY_volatility_60d|INSUFFICIENT_HISTORY_volume_ratio_20d|INSUFFICIENT_HISTORY_distance_from_20dma|INSUFFICIENT_HISTORY_distance_from_50dma|INSUFFICIENT_HISTORY_distance_from_200dma|INSUFFICIENT_HISTORY_drawdown_from_20d_high|INSUFFICIENT_HISTORY_drawdown_from_60d_high|INSUFFICIENT_HISTORY_drawdown_from_252d_high|LIMITED_HISTORY|VERY_LIMITED_HISTORY,17,17
ADANIENT_2024-09-30,ADANIENT,Adani Enterprises Ltd.,2024-09-30,2024-Q3,2024-10-29 14:58:48,during_market,2024-10-28,2024-10-30,NEUTRAL,INSUFFICIENT_HISTORY_distance_from_200dma|INSUFFICIENT_HISTORY_drawdown_from_252d_high|VERY_LIMITED_HISTORY,78,78
ADANIENT_2024-12-31,ADANIENT,Adani Enterprises Ltd.,2024-12-31,2024-Q3,2025-01-30 14:17:21,during_market,2025-01-29,2025-01-31,NEUTRAL,INSUFFICIENT_HISTORY_distance_from_200dma|INSUFFICIENT_HISTORY_drawdown_from_252d_high|VERY_LIMITED_HISTORY,142,142
ADANIENT_2025-06-30,ADANIENT,Adani Enterprises Ltd.,2025-06-30,2025-Q1,2025-07-31 14:38:23,during_market,2025-07-30,2025-08-01,NEGATIVE,OK,265,265
ADANIENT_2025-09-30,ADANIENT,Adani Enterprises Ltd.,2025-09-30,2025-Q2,2025-11-04 20:09:27,post_market,2025-11-04,2025-11-06,NEUTRAL,OK,330,330
ADANIENT_2025-12-31,ADANIENT,Adani Enterprises Ltd.,2025-12-31,2025-Q3,2026-02-03 14:41:34,during_market,2026-02-02,2026-02-04,NEUTRAL,OK,390,390
ADANIENT_2026-06-30,ADANIENT,Adani Enterprises Ltd.,2026-06-30,2026-Q1,2026-07-29 14:36:38,during_market,2026-07-28,2026-07-30,NEUTRAL,OK,508,508
ADANIPORTS_2024-06-30,ADANIPORTS,Adani Ports and Special Economic Zone Ltd.,2024-06-30,2024-Q1,2024-08-01 12:51:52,during_market,2024-07-31,2024-08-02,NEUTRAL,INSUFFICIENT_HISTORY_return_20d|INSUFFICIENT_HISTORY_return_60d|INSUFFICIENT_HISTORY_volatility_20d|INSUFFICIENT_HISTORY_volatility_60d|INSUFFICIENT_HISTORY_volume_ratio_20d|INSUFFICIENT_HISTORY_distance_from_20dma|INSUFFICIENT_HISTORY_distance_from_50dma|INSUFFICIENT_HISTORY_distance_from_200dma|INSUFFICIENT_HISTORY_drawdown_from_20d_high|INSUFFICIENT_HISTORY_drawdown_from_60d_high|INSUFFICIENT_HISTORY_drawdown_from_252d_high|LIMITED_HISTORY|VERY_LIMITED_HISTORY,17,17
ADANIPORTS_2024-09-30,ADANIPORTS,Adani Ports and Special Economic Zone Ltd.,2024-09-30,2024-Q2,2024-10-29 12:59:34,during_market,2024-10-28,2024-10-30,NEGATIVE,INSUFFICIENT_HISTORY_distance_from_200dma|INSUFFICIENT_HISTORY_drawdown_from_252d_high|VERY_LIMITED_HISTORY,78,78
ADANIPORTS_2024-12-31,ADANIPORTS,Adani Ports and Special Economic Zone Ltd.,2024-12-31,2024-Q3,2025-01-30 13:04:48,during_market,2025-01-29,2025-01-31,POSITIVE,INSUFFICIENT_HISTORY_distance_from_200dma|INSUFFICIENT_HISTORY_drawdown_from_252d_high|VERY_LIMITED_HISTORY,142,142
ADANIPORTS_2025-06-30,ADANIPORTS,Adani Ports and Special Economic Zone Ltd.,2025-06-30,2025-Q1,2025-08-05 13:42:21,during_market,2025-08-04,2025-08-06,NEGATIVE,OK,268,268
ADANIPORTS_2025-09-30,ADANIPORTS,Adani Ports and Special Economic Zone Ltd.,2025-09-30,2025-Q2,2025-11-04 13:01:50,during_market,2025-11-03,2025-11-06,NEUTRAL,OK,329,329
ADANIPORTS_2025-12-31,ADANIPORTS,Adani Ports and Special Economic Zone Ltd.,2025-12-31,2025-Q3,2026-02-03 13:17:38,during_market,2026-02-02,2026-02-04,NEUTRAL,OK,390,390
ADANIPORTS_2026-03-31,ADANIPORTS,Adani Ports and Special Economic Zone Ltd.,2026-03-31,2026-Q4,2026-04-30 13:43:12,during_market,2026-04-29,2026-05-04,NEUTRAL,OK,447,447
ADANIPORTS_2026-06-30,ADANIPORTS,Adani Ports and Special Economic Zone Ltd.,2026-06-30,2026-Q1,2026-07-29 12:32:48,during_market,2026-07-28,2026-07-30,NEUTRAL,OK,508,508
APOLLOHOSP_2024-06-30,APOLLOHOSP,Apollo Hospitals Enterprise Ltd.,2024-06-30,2024-Q1,2024-08-13 19:02:02,post_market,2024-08-13,2024-08-14,NEUTRAL,INSUFFICIENT_HISTORY_return_60d|INSUFFICIENT_HISTORY_volatility_60d|INSUFFICIENT_HISTORY_distance_from_50dma|INSUFFICIENT_HISTORY_distance_from_200dma|INSUFFICIENT_HISTORY_drawdown_from_60d_high|INSUFFICIENT_HISTORY_drawdown_from_252d_high|LIMITED_HISTORY|VERY_LIMITED_HISTORY,26,26
APOLLOHOSP_2024-09-30,APOLLOHOSP,Apollo Hospitals Enterprise Ltd.,2024-09-30,2024-Q2,2024-11-06 15:38:58,post_market,2024-11-06,2024-11-07,NEGATIVE,INSUFFICIENT_HISTORY_distance_from_200dma|INSUFFICIENT_HISTORY_drawdown_from_252d_high|VERY_LIMITED_HISTORY,85,85
APOLLOHOSP_2024-12-31,APOLLOHOSP,Apollo Hospitals Enterprise Ltd.,2024-12-31,2024-Q3,2025-02-10 19:24:04,post_market,2025-02-10,2025-02-11,NEUTRAL,INSUFFICIENT_HISTORY_distance_from_200dma|INSUFFICIENT_HISTORY_drawdown_from_252d_high|VERY_LIMITED_HISTORY,150,150
APOLLOHOSP_2025-03-31,APOLLOHOSP,Apollo Hospitals Enterprise Ltd.,2025-03-31,2025-Q4,2025-05-30 18:15:37,post_market,2025-05-30,2025-06-02,NEUTRAL,INSUFFICIENT_HISTORY_drawdown_from_252d_high|VERY_LIMITED_HISTORY,222,222
APOLLOHOSP_2025-06-30,APOLLOHOSP,Apollo Hospitals Enterprise Ltd.,2025-06-30,2025-Q1,2025-08-12 18:54:15,post_market,2025-08-12,2025-08-13,NEUTRAL,OK,274,274
APOLLOHOSP_2025-09-30,APOLLOHOSP,Apollo Hospitals Enterprise Ltd.,2025-09-30,2025-Q2,2025-11-06 17:56:16,post_market,2025-11-06,2025-11-07,NEGATIVE,OK,331,331
APOLLOHOSP_2025-12-31,APOLLOHOSP,Apollo Hospitals Enterprise Ltd.,2025-12-31,2025-Q3,2026-02-10 17:50:27,post_market,2026-02-10,2026-02-11,POSITIVE,OK,396,396
APOLLOHOSP_2026-03-31,APOLLOHOSP,Apollo Hospitals Enterprise Ltd.,2026-03-31,2026-Q4,2026-05-20 17:54:31,post_market,2026-05-20,2026-05-21,NEUTRAL,OK,461,461
APOLLOHOSP_2026-06-30,APOLLOHOSP,Apollo Hospitals Enterprise Ltd.,2026-06-30,2026-Q1,2026-08-12 19:52:46,post_market,2026-08-12,2026-08-13,POSITIVE,OK,519,519
ASIANPAINT_2024-06-30,ASIANPAINT,Asian Paints Ltd.,2024-06-30,2024-Q2,2024-07-17 14:16:21,non_trading_day,2024-07-15,2024-07-18,NEUTRAL,INSUFFICIENT_HISTORY_return_10d|INSUFFICIENT_HISTORY_return_20d|INSUFFICIENT_HISTORY_return_60d|INSUFFICIENT_HISTORY_volatility_20d|INSUFFICIENT_HISTORY_volatility_60d|INSUFFICIENT_HISTORY_volume_ratio_20d|INSUFFICIENT_HISTORY_distance_from_20dma|INSUFFICIENT_HISTORY_distance_from_50dma|INSUFFICIENT_HISTORY_distance_from_200dma|INSUFFICIENT_HISTORY_drawdown_from_20d_high|INSUFFICIENT_HISTORY_drawdown_from_60d_high|INSUFFICIENT_HISTORY_drawdown_from_252d_high|LIMITED_HISTORY|VERY_LIMITED_HISTORY,6,6
ASIANPAINT_2024-09-30,ASIANPAINT,Asian Paints Ltd.,2024-09-30,2024-Q2,2024-11-09 14:41:00,non_trading_day,2024-11-07,2024-11-11,NEUTRAL,INSUFFICIENT_HISTORY_distance_from_200dma|INSUFFICIENT_HISTORY_drawdown_from_252d_high|VERY_LIMITED_HISTORY,86,86
ASIANPAINT_2024-12-31,ASIANPAINT,Asian Paints Ltd.,2024-12-31,2024-Q3,2025-02-04 14:08:19,during_market,2025-02-03,2025-02-05,NEUTRAL,INSUFFICIENT_HISTORY_distance_from_200dma|INSUFFICIENT_HISTORY_drawdown_from_252d_high|VERY_LIMITED_HISTORY,145,145
ASIANPAINT_2025-06-30,ASIANPAINT,Asian Paints Ltd.,2025-06-30,2025-Q1,2025-07-29 14:11:31,during_market,2025-07-28,2025-07-30,NEUTRAL,OK,263,263
ASIANPAINT_2025-09-30,ASIANPAINT,Asian Paints Ltd.,2025-09-30,2025-Q2,2025-11-12 15:05:01,during_market,2025-11-11,2025-11-13,NEUTRAL,OK,334,334
ASIANPAINT_2025-12-31,ASIANPAINT,Asian Paints Ltd.,2025-12-31,2025-Q3,2026-01-27 13:58:57,during_market,2026-01-23,2026-01-28,NEGATIVE,OK,385,385
ASIANPAINT_2026-03-31,ASIANPAINT,Asian Paints Ltd.,2026-03-31,2026-Q4,2026-05-29 14:06:54,during_market,2026-05-27,2026-06-01,NEUTRAL,OK,466,466
ASIANPAINT_2026-06-30,ASIANPAINT,Asian Paints Ltd.,2026-06-30,2026-Q2,2026-07-29 14:02:54,during_market,2026-07-28,2026-07-30,NEUTRAL,OK,508,508
AXISBANK_2024-06-30,AXISBANK,Axis Bank Ltd.,2024-06-30,2024-Q1,2024-07-24 15:48:22,post_market,2024-07-24,2024-07-25,NEGATIVE,INSUFFICIENT_HISTORY_return_20d|INSUFFICIENT_HISTORY_return_60d|INSUFFICIENT_HISTORY_volatility_20d|INSUFFICIENT_HISTORY_volatility_60d|INSUFFICIENT_HISTORY_volume_ratio_20d|INSUFFICIENT_HISTORY_distance_from_20dma|INSUFFICIENT_HISTORY_distance_from_50dma|INSUFFICIENT_HISTORY_distance_from_200dma|INSUFFICIENT_HISTORY_drawdown_from_20d_high|INSUFFICIENT_HISTORY_drawdown_from_60d_high|INSUFFICIENT_HISTORY_drawdown_from_252d_high|LIMITED_HISTORY|VERY_LIMITED_HISTORY,12,12
AXISBANK_2024-09-30,AXISBANK,Axis Bank Ltd.,2024-09-30,2024-Q2,2024-10-17 15:43:12,post_market,2024-10-17,2024-10-18,NEUTRAL,INSUFFICIENT_HISTORY_distance_from_200dma|INSUFFICIENT_HISTORY_drawdown_from_252d_high|VERY_LIMITED_HISTORY,71,71
AXISBANK_2024-12-31,AXISBANK,Axis Bank Ltd.,2024-12-31,2024-Q3,2025-01-16 15:42:18,post_market,2025-01-16,2025-01-17,NEGATIVE,INSUFFICIENT_HISTORY_distance_from_200dma|INSUFFICIENT_HISTORY_drawdown_from_252d_high|VERY_LIMITED_HISTORY,133,133
AXISBANK_2025-06-30,AXISBANK,Axis Bank Ltd.,2025-06-30,2025-Q1,2025-07-17 15:39:12,post_market,2025-07-17,2025-07-18,NEUTRAL,OK,256,256
AXISBANK_2025-09-30,AXISBANK,Axis Bank Ltd.,2025-09-30,2025-Q2,2025-10-15 15:36:43,post_market,2025-10-15,2025-10-16,POSITIVE,OK,317,317
AXISBANK_2025-12-31,AXISBANK,Axis Bank Ltd.,2025-12-31,2025-Q3,2026-01-26 13:14:18,non_trading_day,2026-01-22,2026-01-27,POSITIVE,OK,384,384
AXISBANK_2026-03-31,AXISBANK,Axis Bank Ltd.,2026-03-31,2026-Q4,2026-04-25 12:58:44,non_trading_day,2026-04-23,2026-04-27,NEGATIVE,OK,443,443
AXISBANK_2026-06-30,AXISBANK,Axis Bank Ltd.,2026-06-30,2026-Q1,2026-07-18 11:24:12,non_trading_day,2026-07-16,2026-07-20,NEUTRAL,OK,500,500
BAJAJ-AUTO_2024-06-30,BAJAJ-AUTO,Bajaj Auto Ltd.,2024-06-30,2024-Q1,2024-07-16 13:41:11,during_market,2024-07-15,2024-07-18,NEUTRAL,INSUFFICIENT_HISTORY_return_10d|INSUFFICIENT_HISTORY_return_20d|INSUFFICIENT_HISTORY_return_60d|INSUFFICIENT_HISTORY_volatility_20d|INSUFFICIENT_HISTORY_volatility_60d|INSUFFICIENT_HISTORY_volume_ratio_20d|INSUFFICIENT_HISTORY_distance_from_20dma|INSUFFICIENT_HISTORY_distance_from_50dma|INSUFFICIENT_HISTORY_distance_from_200dma|INSUFFICIENT_HISTORY_drawdown_from_20d_high|INSUFFICIENT_HISTORY_drawdown_from_60d_high|INSUFFICIENT_HISTORY_drawdown_from_252d_high|LIMITED_HISTORY|VERY_LIMITED_HISTORY,6,6
BAJAJ-AUTO_2024-09-30,BAJAJ-AUTO,Bajaj Auto Ltd.,2024-09-30,2024-Q2,2024-10-16 16:27:09,post_market,2024-10-16,2024-10-17,POSITIVE,INSUFFICIENT_HISTORY_distance_from_200dma|INSUFFICIENT_HISTORY_drawdown_from_252d_high|VERY_LIMITED_HISTORY,70,70
BAJAJ-AUTO_2024-12-31,BAJAJ-AUTO,Bajaj Auto Ltd.,2024-12-31,2024-Q3,2025-01-28 17:50:49,post_market,2025-01-28,2025-01-29,POSITIVE,INSUFFICIENT_HISTORY_distance_from_200dma|INSUFFICIENT_HISTORY_drawdown_from_252d_high|VERY_LIMITED_HISTORY,141,141
BAJAJ-AUTO_2025-03-31,BAJAJ-AUTO,Bajaj Auto Ltd.,2025-03-31,2025-Q4,2025-05-29 18:02:41,post_market,2025-05-29,2025-05-30,NEUTRAL,INSUFFICIENT_HISTORY_drawdown_from_252d_high|VERY_LIMITED_HISTORY,221,221
BAJAJ-AUTO_2025-06-30,BAJAJ-AUTO,Bajaj Auto Ltd.,2025-06-30,2025-Q1,2025-08-06 12:17:32,during_market,2025-08-05,2025-08-07,NEUTRAL,OK,269,269
BAJAJ-AUTO_2025-09-30,BAJAJ-AUTO,Bajaj Auto Ltd.,2025-09-30,2025-Q2,2025-11-07 17:03:28,post_market,2025-11-07,2025-11-10,NEUTRAL,OK,332,332
BAJAJ-AUTO_2025-12-31,BAJAJ-AUTO,Bajaj Auto Ltd.,2025-12-31,2025-Q3,2026-01-30 16:29:45,post_market,2026-01-30,2026-02-02,NEUTRAL,OK,389,389
BAJAJ-AUTO_2026-03-31,BAJAJ-AUTO,Bajaj Auto Ltd.,2026-03-31,2026-Q4,2026-05-06 18:27:38,post_market,2026-05-06,2026-05-07,NEUTRAL,OK,451,451
BAJAJ-AUTO_2026-06-30,BAJAJ-AUTO,Bajaj Auto Ltd.,2026-06-30,2026-Q1,2026-07-21 12:43:08,during_market,2026-07-20,2026-07-22,NEUTRAL,OK,502,502
BAJAJFINSV_2024-06-30,BAJAJFINSV,Bajaj Finserv Ltd.,2024-06-30,2024-Q2,2024-07-24 12:08:34,during_market,2024-07-23,2024-07-25,POSITIVE,INSUFFICIENT_HISTORY_return_20d|INSUFFICIENT_HISTORY_return_60d|INSUFFICIENT_HISTORY_volatility_20d|INSUFFICIENT_HISTORY_volatility_60d|INSUFFICIENT_HISTORY_volume_ratio_20d|INSUFFICIENT_HISTORY_distance_from_20dma|INSUFFICIENT_HISTORY_distance_from_50dma|INSUFFICIENT_HISTORY_distance_from_200dma|INSUFFICIENT_HISTORY_drawdown_from_20d_high|INSUFFICIENT_HISTORY_drawdown_from_60d_high|INSUFFICIENT_HISTORY_drawdown_from_252d_high|LIMITED_HISTORY|VERY_LIMITED_HISTORY,11,11
BAJAJFINSV_2024-09-30,BAJAJFINSV,Bajaj Finserv Ltd.,2024-09-30,2024-Q3,2024-10-23 13:31:31,during_market,2024-10-22,2024-10-24,NEUTRAL,INSUFFICIENT_HISTORY_distance_from_200dma|INSUFFICIENT_HISTORY_drawdown_from_252d_high|VERY_LIMITED_HISTORY,74,74
BAJAJFINSV_2024-12-31,BAJAJFINSV,Bajaj Finserv Ltd.,2024-12-31,2024-Q3,2025-01-30 12:54:24,during_market,2025-01-29,2025-01-31,POSITIVE,INSUFFICIENT_HISTORY_distance_from_200dma|INSUFFICIENT_HISTORY_drawdown_from_252d_high|VERY_LIMITED_HISTORY,142,142
BAJAJFINSV_2025-06-30,BAJAJFINSV,Bajaj Finserv Ltd.,2025-06-30,2025-Q1,2025-07-25 12:03:36,during_market,2025-07-24,2025-07-28,NEUTRAL,OK,261,261
BAJAJFINSV_2025-09-30,BAJAJFINSV,Bajaj Finserv Ltd.,2025-09-30,2025-Q2,2025-11-11 13:48:50,during_market,2025-11-10,2025-11-12,NEUTRAL,OK,333,333
BAJAJFINSV_2025-12-31,BAJAJFINSV,Bajaj Finserv Ltd.,2025-12-31,2025-Q3,2026-02-04 13:20:02,during_market,2026-02-03,2026-02-05,NEUTRAL,OK,391,391
BAJAJFINSV_2026-03-31,BAJAJFINSV,Bajaj Finserv Ltd.,2026-03-31,2026-Q4,2026-04-30 14:14:41,during_market,2026-04-29,2026-05-04,POSITIVE,OK,447,447
BAJAJFINSV_2026-06-30,BAJAJFINSV,Bajaj Finserv Ltd.,2026-06-30,2026-Q1,2026-07-31 11:56:45,during_market,2026-07-30,2026-08-03,NEUTRAL,OK,510,510
BAJFINANCE_2024-06-30,BAJFINANCE,Bajaj Finance Ltd.,2024-06-30,2024-Q1,2024-07-23 15:35:17,post_market,2024-07-23,2024-07-24,NEUTRAL,INSUFFICIENT_HISTORY_return_20d|INSUFFICIENT_HISTORY_return_60d|INSUFFICIENT_HISTORY_volatility_20d|INSUFFICIENT_HISTORY_volatility_60d|INSUFFICIENT_HISTORY_volume_ratio_20d|INSUFFICIENT_HISTORY_distance_from_20dma|INSUFFICIENT_HISTORY_distance_from_50dma|INSUFFICIENT_HISTORY_distance_from_200dma|INSUFFICIENT_HISTORY_drawdown_from_20d_high|INSUFFICIENT_HISTORY_drawdown_from_60d_high|INSUFFICIENT_HISTORY_drawdown_from_252d_high|LIMITED_HISTORY|VERY_LIMITED_HISTORY,11,11
BAJFINANCE_2024-09-30,BAJFINANCE,Bajaj Finance Ltd.,2024-09-30,2024-Q3,2024-10-22 17:34:51,post_market,2024-10-22,2024-10-23,NEUTRAL,INSUFFICIENT_HISTORY_distance_from_200dma|INSUFFICIENT_HISTORY_drawdown_from_252d_high|VERY_LIMITED_HISTORY,74,74
BAJFINANCE_2024-12-31,BAJFINANCE,Bajaj Finance Ltd.,2024-12-31,2024-Q3,2025-01-29 17:20:38,post_market,2025-01-29,2025-01-30,POSITIVE,INSUFFICIENT_HISTORY_distance_from_200dma|INSUFFICIENT_HISTORY_drawdown_from_252d_high|VERY_LIMITED_HISTORY,142,142
BAJFINANCE_2025-03-31,BAJFINANCE,Bajaj Finance Ltd.,2025-03-31,2025-Q1,2025-04-29 17:44:44,post_market,2025-04-29,2025-04-30,NEUTRAL,INSUFFICIENT_HISTORY_drawdown_from_252d_high|VERY_LIMITED_HISTORY,200,200
BAJFINANCE_2025-06-30,BAJFINANCE,Bajaj Finance Ltd.,2025-06-30,2025-Q1,2025-07-24 15:29:02,during_market,2025-07-23,2025-07-25,NEGATIVE,OK,260,260
BAJFINANCE_2025-09-30,BAJFINANCE,Bajaj Finance Ltd.,2025-09-30,2025-Q3,2025-11-10 17:09:32,post_market,2025-11-10,2025-11-11,NEUTRAL,OK,333,333
BAJFINANCE_2025-12-31,BAJFINANCE,Bajaj Finance Ltd.,2025-12-31,2025-Q3,2026-02-03 17:11:40,post_market,2026-02-03,2026-02-04,NEUTRAL,OK,391,391
BAJFINANCE_2026-03-31,BAJFINANCE,Bajaj Finance Ltd.,2026-03-31,2026-Q4,2026-04-29 16:34:28,post_market,2026-04-29,2026-04-30,POSITIVE,OK,447,447
BAJFINANCE_2026-06-30,BAJFINANCE,Bajaj Finance Ltd.,2026-06-30,2026-Q1,2026-07-30 15:19:07,during_market,2026-07-29,2026-07-31,NEUTRAL,OK,509,509
BEL_2024-06-30,BEL,Bharat Electronics Ltd.,2024-06-30,2024-Q1,2024-07-29 14:01:33,during_market,2024-07-26,2024-07-30,NEGATIVE,INSUFFICIENT_HISTORY_return_20d|INSUFFICIENT_HISTORY_return_60d|INSUFFICIENT_HISTORY_volatility_20d|INSUFFICIENT_HISTORY_volatility_60d|INSUFFICIENT_HISTORY_volume_ratio_20d|INSUFFICIENT_HISTORY_distance_from_20dma|INSUFFICIENT_HISTORY_distance_from_50dma|INSUFFICIENT_HISTORY_distance_from_200dma|INSUFFICIENT_HISTORY_drawdown_from_20d_high|INSUFFICIENT_HISTORY_drawdown_from_60d_high|INSUFFICIENT_HISTORY_drawdown_from_252d_high|LIMITED_HISTORY|VERY_LIMITED_HISTORY,14,14
BEL_2024-09-30,BEL,Bharat Electronics Ltd.,2024-09-30,2024-Q2,2024-10-25 13:35:44,during_market,2024-10-24,2024-10-28,POSITIVE,INSUFFICIENT_HISTORY_distance_from_200dma|INSUFFICIENT_HISTORY_drawdown_from_252d_high|VERY_LIMITED_HISTORY,76,76
BEL_2024-12-31,BEL,Bharat Electronics Ltd.,2024-12-31,2024-Q3,2025-01-30 13:58:59,during_market,2025-01-29,2025-01-31,NEGATIVE,INSUFFICIENT_HISTORY_distance_from_200dma|INSUFFICIENT_HISTORY_drawdown_from_252d_high|VERY_LIMITED_HISTORY,142,142
BEL_2025-03-31,BEL,Bharat Electronics Ltd.,2025-03-31,2025-Q4,2025-05-19 18:20:28,post_market,2025-05-19,2025-05-20,POSITIVE,INSUFFICIENT_HISTORY_drawdown_from_252d_high|VERY_LIMITED_HISTORY,213,213
BEL_2025-06-30,BEL,Bharat Electronics Ltd.,2025-06-30,2025-Q1,2025-07-28 16:06:30,post_market,2025-07-28,2025-07-29,NEUTRAL,OK,263,263
BEL_2025-09-30,BEL,Bharat Electronics Ltd.,2025-09-30,2025-Q2,2025-10-31 13:01:00,during_market,2025-10-30,2025-11-03,NEUTRAL,OK,327,327
BEL_2025-12-31,BEL,Bharat Electronics Ltd.,2025-12-31,2025-Q3,2026-01-28 14:05:10,during_market,2026-01-27,2026-01-29,NEGATIVE,OK,386,386
BEL_2026-03-31,BEL,Bharat Electronics Ltd.,2026-03-31,2026-Q4,2026-05-19 15:23:04,during_market,2026-05-18,2026-05-20,NEUTRAL,OK,459,459
BEL_2026-06-30,BEL,Bharat Electronics Ltd.,2026-06-30,2026-Q1,2026-07-27 16:06:24,post_market,2026-07-27,2026-07-28,NEUTRAL,OK,507,507
BHARTIARTL_2024-06-30,BHARTIARTL,Bharti Airtel Ltd.,2024-06-30,2024-Q1,2024-08-05 16:58:46,post_market,2024-08-05,2024-08-06,NEUTRAL,INSUFFICIENT_HISTORY_return_20d|INSUFFICIENT_HISTORY_return_60d|INSUFFICIENT_HISTORY_volatility_20d|INSUFFICIENT_HISTORY_volatility_60d|INSUFFICIENT_HISTORY_distance_from_50dma|INSUFFICIENT_HISTORY_distance_from_200dma|INSUFFICIENT_HISTORY_drawdown_from_60d_high|INSUFFICIENT_HISTORY_drawdown_from_252d_high|LIMITED_HISTORY|VERY_LIMITED_HISTORY,20,20
BHARTIARTL_2024-09-30,BHARTIARTL,Bharti Airtel Ltd.,2024-09-30,2024-Q2,2024-10-28 16:15:34,post_market,2024-10-28,2024-10-29,NEUTRAL,INSUFFICIENT_HISTORY_distance_from_200dma|INSUFFICIENT_HISTORY_drawdown_from_252d_high|VERY_LIMITED_HISTORY,78,78
BHARTIARTL_2024-12-31,BHARTIARTL,Bharti Airtel Ltd.,2024-12-31,2024-Q3,2025-02-06 16:49:56,post_market,2025-02-06,2025-02-07,POSITIVE,INSUFFICIENT_HISTORY_distance_from_200dma|INSUFFICIENT_HISTORY_drawdown_from_252d_high|VERY_LIMITED_HISTORY,148,148
BHARTIARTL_2025-06-30,BHARTIARTL,Bharti Airtel Ltd.,2025-06-30,2025-Q1,2025-08-05 16:59:21,post_market,2025-08-05,2025-08-06,NEGATIVE,OK,269,269
BHARTIARTL_2025-09-30,BHARTIARTL,Bharti Airtel Ltd.,2025-09-30,2025-Q2,2025-11-03 16:33:29,post_market,2025-11-03,2025-11-04,NEGATIVE,OK,329,329
BHARTIARTL_2025-12-31,BHARTIARTL,Bharti Airtel Ltd.,2025-12-31,2025-Q3,2026-02-05 16:16:36,post_market,2026-02-05,2026-02-06,NEGATIVE,OK,393,393
BHARTIARTL_2026-03-31,BHARTIARTL,Bharti Airtel Ltd.,2026-03-31,2026-Q4,2026-05-13 16:44:51,post_market,2026-05-13,2026-05-14,NEUTRAL,OK,456,456
BHARTIARTL_2026-06-30,BHARTIARTL,Bharti Airtel Ltd.,2026-06-30,2026-Q1,2026-08-04 16:22:36,post_market,2026-08-04,2026-08-05,NEUTRAL,OK,513,513
CIPLA_2024-06-30,CIPLA,Cipla Ltd.,2024-06-30,2024-Q1,2024-07-26 15:02:38,during_market,2024-07-25,2024-07-29,NEUTRAL,INSUFFICIENT_HISTORY_return_20d|INSUFFICIENT_HISTORY_return_60d|INSUFFICIENT_HISTORY_volatility_20d|INSUFFICIENT_HISTORY_volatility_60d|INSUFFICIENT_HISTORY_volume_ratio_20d|INSUFFICIENT_HISTORY_distance_from_20dma|INSUFFICIENT_HISTORY_distance_from_50dma|INSUFFICIENT_HISTORY_distance_from_200dma|INSUFFICIENT_HISTORY_drawdown_from_20d_high|INSUFFICIENT_HISTORY_drawdown_from_60d_high|INSUFFICIENT_HISTORY_drawdown_from_252d_high|LIMITED_HISTORY|VERY_LIMITED_HISTORY,13,13
CIPLA_2024-09-30,CIPLA,Cipla Ltd.,2024-09-30,2024-Q2,2024-10-29 14:17:04,during_market,2024-10-28,2024-10-30,POSITIVE,INSUFFICIENT_HISTORY_distance_from_200dma|INSUFFICIENT_HISTORY_drawdown_from_252d_high|VERY_LIMITED_HISTORY,78,78
CIPLA_2024-12-31,CIPLA,Cipla Ltd.,2024-12-31,2024-Q3,2025-01-28 13:52:44,during_market,2025-01-27,2025-01-29,NEUTRAL,INSUFFICIENT_HISTORY_distance_from_200dma|INSUFFICIENT_HISTORY_drawdown_from_252d_high|VERY_LIMITED_HISTORY,140,140
CIPLA_2025-06-30,CIPLA,Cipla Ltd.,2025-06-30,2025-Q1,2025-07-25 13:18:07,during_market,2025-07-24,2025-07-28,NEUTRAL,OK,261,261
CIPLA_2025-09-30,CIPLA,Cipla Ltd.,2025-09-30,2025-Q2,2025-10-30 12:51:16,during_market,2025-10-29,2025-10-31,NEUTRAL,OK,326,326
CIPLA_2025-12-31,CIPLA,Cipla Ltd.,2025-12-31,2025-Q3,2026-01-23 13:27:17,during_market,2026-01-22,2026-01-27,NEUTRAL,OK,384,384
CIPLA_2026-03-31,CIPLA,Cipla Ltd.,2026-03-31,2026-Q4,2026-05-13 12:36:49,during_market,2026-05-12,2026-05-14,NEUTRAL,OK,455,455
CIPLA_2026-06-30,CIPLA,Cipla Ltd.,2026-06-30,2026-Q1,2026-07-23 12:00:06,during_market,2026-07-22,2026-07-24,POSITIVE,OK,504,504
COALINDIA_2024-06-30,COALINDIA,Coal India Ltd.,2024-06-30,2024-Q1,2024-07-31 16:53:51,post_market,2024-07-31,2024-08-01,NEGATIVE,INSUFFICIENT_HISTORY_return_20d|INSUFFICIENT_HISTORY_return_60d|INSUFFICIENT_HISTORY_volatility_20d|INSUFFICIENT_HISTORY_volatility_60d|INSUFFICIENT_HISTORY_volume_ratio_20d|INSUFFICIENT_HISTORY_distance_from_20dma|INSUFFICIENT_HISTORY_distance_from_50dma|INSUFFICIENT_HISTORY_distance_from_200dma|INSUFFICIENT_HISTORY_drawdown_from_20d_high|INSUFFICIENT_HISTORY_drawdown_from_60d_high|INSUFFICIENT_HISTORY_drawdown_from_252d_high|LIMITED_HISTORY|VERY_LIMITED_HISTORY,17,17
COALINDIA_2024-09-30,COALINDIA,Coal India Ltd.,2024-09-30,2024-Q2,2024-10-25 20:59:25,post_market,2024-10-25,2024-10-28,POSITIVE,INSUFFICIENT_HISTORY_distance_from_200dma|INSUFFICIENT_HISTORY_drawdown_from_252d_high|VERY_LIMITED_HISTORY,77,77
COALINDIA_2024-12-31,COALINDIA,Coal India Ltd.,2024-12-31,2024-Q3,2025-01-27 16:04:07,post_market,2025-01-27,2025-01-28,POSITIVE,INSUFFICIENT_HISTORY_distance_from_200dma|INSUFFICIENT_HISTORY_drawdown_from_252d_high|VERY_LIMITED_HISTORY,140,140
COALINDIA_2025-03-31,COALINDIA,Coal India Ltd.,2025-03-31,2025-Q4,2025-05-07 16:45:32,post_market,2025-05-07,2025-05-08,NEUTRAL,INSUFFICIENT_HISTORY_drawdown_from_252d_high|VERY_LIMITED_HISTORY,205,205
COALINDIA_2025-06-30,COALINDIA,Coal India Ltd.,2025-06-30,2025-Q1,2025-07-31 17:14:58,post_market,2025-07-31,2025-08-01,NEUTRAL,OK,266,266
COALINDIA_2025-09-30,COALINDIA,Coal India Ltd.,2025-09-30,2025-Q2,2025-10-29 13:43:45,during_market,2025-10-28,2025-10-30,NEUTRAL,OK,325,325
COALINDIA_2025-12-31,COALINDIA,Coal India Ltd.,2025-12-31,2025-Q3,2026-02-12 18:53:58,post_market,2026-02-12,2026-02-13,NEUTRAL,OK,398,398
COALINDIA_2026-03-31,COALINDIA,Coal India Ltd.,2026-03-31,2026-Q4,2026-04-27 20:31:07,post_market,2026-04-27,2026-04-28,POSITIVE,OK,445,445
COALINDIA_2026-09-30,COALINDIA,Coal India Ltd.,2026-09-30,2026-Q2,2026-07-27 17:25:36,post_market,2026-07-27,2026-07-28,NEUTRAL,OK,507,507
DRREDDY_2024-06-30,DRREDDY,Dr. Reddy's Laboratories Ltd.,2024-06-30,2024-Q1,2024-07-27 16:13:24,non_trading_day,2024-07-25,2024-07-29,NEUTRAL,INSUFFICIENT_HISTORY_return_20d|INSUFFICIENT_HISTORY_return_60d|INSUFFICIENT_HISTORY_volatility_20d|INSUFFICIENT_HISTORY_volatility_60d|INSUFFICIENT_HISTORY_volume_ratio_20d|INSUFFICIENT_HISTORY_distance_from_20dma|INSUFFICIENT_HISTORY_distance_from_50dma|INSUFFICIENT_HISTORY_distance_from_200dma|INSUFFICIENT_HISTORY_drawdown_from_20d_high|INSUFFICIENT_HISTORY_drawdown_from_60d_high|INSUFFICIENT_HISTORY_drawdown_from_252d_high|LIMITED_HISTORY|VERY_LIMITED_HISTORY,13,13
DRREDDY_2024-09-30,DRREDDY,Dr. Reddy's Laboratories Ltd.,2024-09-30,2024-Q2,2024-11-05 16:05:19,post_market,2024-11-05,2024-11-06,NEUTRAL,INSUFFICIENT_HISTORY_distance_from_200dma|INSUFFICIENT_HISTORY_drawdown_from_252d_high|VERY_LIMITED_HISTORY,84,84
DRREDDY_2024-12-31,DRREDDY,Dr. Reddy's Laboratories Ltd.,2024-12-31,2024-Q3,2025-01-23 17:00:02,post_market,2025-01-23,2025-01-24,NEGATIVE,INSUFFICIENT_HISTORY_distance_from_200dma|INSUFFICIENT_HISTORY_drawdown_from_252d_high|VERY_LIMITED_HISTORY,138,138
DRREDDY_2025-06-30,DRREDDY,Dr. Reddy's Laboratories Ltd.,2025-06-30,2025-Q1,2025-07-23 16:37:13,post_market,2025-07-23,2025-07-24,POSITIVE,OK,260,260
DRREDDY_2025-09-30,DRREDDY,Dr. Reddy's Laboratories Ltd.,2025-09-30,2025-Q2,2025-10-24 16:44:48,post_market,2025-10-24,2025-10-27,NEGATIVE,OK,323,323
DRREDDY_2025-12-31,DRREDDY,Dr. Reddy's Laboratories Ltd.,2025-12-31,2025-Q3,2026-01-21 17:03:34,post_market,2026-01-21,2026-01-22,NEUTRAL,OK,383,383
DRREDDY_2026-03-31,DRREDDY,Dr. Reddy's Laboratories Ltd.,2026-03-31,2026-Q4,2026-05-12 16:39:16,post_market,2026-05-12,2026-05-13,POSITIVE,OK,455,455
DRREDDY_2026-06-30,DRREDDY,Dr. Reddy's Laboratories Ltd.,2026-06-30,2026-Q1,2026-07-22 16:18:02,post_market,2026-07-22,2026-07-23,NEGATIVE,OK,504,504
EICHERMOT_2024-06-30,EICHERMOT,Eicher Motors Ltd.,2024-06-30,2024-Q1,2024-08-08 17:37:16,post_market,2024-08-08,2024-08-09,NEUTRAL,INSUFFICIENT_HISTORY_return_60d|INSUFFICIENT_HISTORY_volatility_60d|INSUFFICIENT_HISTORY_distance_from_50dma|INSUFFICIENT_HISTORY_distance_from_200dma|INSUFFICIENT_HISTORY_drawdown_from_60d_high|INSUFFICIENT_HISTORY_drawdown_from_252d_high|LIMITED_HISTORY|VERY_LIMITED_HISTORY,23,23
EICHERMOT_2024-09-30,EICHERMOT,Eicher Motors Ltd.,2024-09-30,2024-Q2,2024-11-13 16:06:03,post_market,2024-11-13,2024-11-14,NEUTRAL,INSUFFICIENT_HISTORY_distance_from_200dma|INSUFFICIENT_HISTORY_drawdown_from_252d_high|VERY_LIMITED_HISTORY,90,90
EICHERMOT_2024-12-31,EICHERMOT,Eicher Motors Ltd.,2024-12-31,2024-Q3,2025-02-10 17:17:37,post_market,2025-02-10,2025-02-11,NEGATIVE,INSUFFICIENT_HISTORY_distance_from_200dma|INSUFFICIENT_HISTORY_drawdown_from_252d_high|VERY_LIMITED_HISTORY,150,150
EICHERMOT_2025-06-30,EICHERMOT,Eicher Motors Ltd.,2025-06-30,2025-Q1,2025-07-31 17:21:15,post_market,2025-07-31,2025-08-01,POSITIVE,OK,266,266
EICHERMOT_2025-09-30,EICHERMOT,Eicher Motors Ltd.,2025-09-30,2025-Q2,2025-11-13 15:13:44,during_market,2025-11-12,2025-11-14,POSITIVE,OK,335,335
EICHERMOT_2025-12-31,EICHERMOT,Eicher Motors Ltd.,2025-12-31,2025-Q3,2026-02-10 16:41:18,post_market,2026-02-10,2026-02-11,POSITIVE,OK,396,396
EICHERMOT_2026-03-31,EICHERMOT,Eicher Motors Ltd.,2026-03-31,2026-Q4,2026-05-22 16:51:45,post_market,2026-05-22,2026-05-25,NEUTRAL,OK,463,463
EICHERMOT_2026-06-30,EICHERMOT,Eicher Motors Ltd.,2026-06-30,2026-Q1,2026-07-29 18:29:49,post_market,2026-07-29,2026-07-30,NEUTRAL,OK,509,509
GRASIM_2024-06-30,GRASIM,Grasim Industries Ltd.,2024-06-30,2024-Q1,2024-08-09 13:52:20,during_market,2024-08-08,2024-08-12,NEUTRAL,INSUFFICIENT_HISTORY_return_60d|INSUFFICIENT_HISTORY_volatility_60d|INSUFFICIENT_HISTORY_distance_from_50dma|INSUFFICIENT_HISTORY_distance_from_200dma|INSUFFICIENT_HISTORY_drawdown_from_60d_high|INSUFFICIENT_HISTORY_drawdown_from_252d_high|LIMITED_HISTORY|VERY_LIMITED_HISTORY,23,23
GRASIM_2024-09-30,GRASIM,Grasim Industries Ltd.,2024-09-30,2024-Q2,2024-11-14 20:27:05,post_market,2024-11-14,2024-11-18,NEUTRAL,INSUFFICIENT_HISTORY_distance_from_200dma|INSUFFICIENT_HISTORY_drawdown_from_252d_high|VERY_LIMITED_HISTORY,91,91
GRASIM_2024-12-31,GRASIM,Grasim Industries Ltd.,2024-12-31,2024-Q3,2025-02-10 19:38:07,post_market,2025-02-10,2025-02-11,NEUTRAL,INSUFFICIENT_HISTORY_distance_from_200dma|INSUFFICIENT_HISTORY_drawdown_from_252d_high|VERY_LIMITED_HISTORY,150,150
GRASIM_2025-03-31,GRASIM,Grasim Industries Ltd.,2025-03-31,2025-Q4,2025-05-22 19:58:44,post_market,2025-05-22,2025-05-23,NEGATIVE,INSUFFICIENT_HISTORY_drawdown_from_252d_high|VERY_LIMITED_HISTORY,216,216
GRASIM_2025-06-30,GRASIM,Grasim Industries Ltd.,2025-06-30,2025-Q1,2025-08-08 14:13:37,during_market,2025-08-07,2025-08-11,NEUTRAL,OK,271,271
GRASIM_2025-09-30,GRASIM,Grasim Industries Ltd.,2025-09-30,2025-Q2,2025-11-05 13:54:08,non_trading_day,2025-11-03,2025-11-06,NEUTRAL,OK,329,329
GRASIM_2025-12-31,GRASIM,Grasim Industries Ltd.,2025-12-31,2025-Q3,2026-02-10 17:50:12,post_market,2026-02-10,2026-02-11,NEUTRAL,OK,396,396
GRASIM_2026-03-31,GRASIM,Grasim Industries Ltd.,2026-03-31,2026-Q4,2026-05-20 14:37:37,during_market,2026-05-19,2026-05-21,NEUTRAL,OK,460,460
GRASIM_2026-06-30,GRASIM,Grasim Industries Ltd.,2026-06-30,2026-Q1,2026-08-12 14:27:39,during_market,2026-08-11,2026-08-13,NEUTRAL,OK,518,518
HCLTECH_2024-06-30,HCLTECH,HCL Technologies Ltd.,2024-06-30,2024-Q1,2024-07-12 17:45:28,post_market,2024-07-12,2024-07-15,NEUTRAL,INSUFFICIENT_HISTORY_return_5d|INSUFFICIENT_HISTORY_return_10d|INSUFFICIENT_HISTORY_return_20d|INSUFFICIENT_HISTORY_return_60d|INSUFFICIENT_HISTORY_volatility_5d|INSUFFICIENT_HISTORY_volatility_20d|INSUFFICIENT_HISTORY_volatility_60d|INSUFFICIENT_HISTORY_volume_ratio_20d|INSUFFICIENT_HISTORY_distance_from_20dma|INSUFFICIENT_HISTORY_distance_from_50dma|INSUFFICIENT_HISTORY_distance_from_200dma|INSUFFICIENT_HISTORY_drawdown_from_20d_high|INSUFFICIENT_HISTORY_drawdown_from_60d_high|INSUFFICIENT_HISTORY_drawdown_from_252d_high|LIMITED_HISTORY|VERY_LIMITED_HISTORY,5,5
HCLTECH_2024-09-30,HCLTECH,HCL Technologies Ltd.,2024-09-30,2024-Q2,2024-10-14 17:20:02,post_market,2024-10-14,2024-10-15,NEUTRAL,INSUFFICIENT_HISTORY_distance_from_200dma|INSUFFICIENT_HISTORY_drawdown_from_252d_high|VERY_LIMITED_HISTORY,68,68
HCLTECH_2024-12-31,HCLTECH,HCL Technologies Ltd.,2024-12-31,2024-Q3,2025-01-13 17:45:42,post_market,2025-01-13,2025-01-14,NEUTRAL,INSUFFICIENT_HISTORY_distance_from_200dma|INSUFFICIENT_HISTORY_drawdown_from_252d_high|VERY_LIMITED_HISTORY,130,130
HCLTECH_2025-06-30,HCLTECH,HCL Technologies Ltd.,2025-06-30,2025-Q1,2025-07-14 17:37:59,post_market,2025-07-14,2025-07-15,NEUTRAL,OK,253,253
HCLTECH_2025-09-30,HCLTECH,HCL Technologies Ltd.,2025-09-30,2025-Q2,2025-10-13 17:44:20,post_market,2025-10-13,2025-10-14,NEGATIVE,OK,315,315
HCLTECH_2025-12-31,HCLTECH,HCL Technologies Ltd.,2025-12-31,2025-Q3,2026-01-12 17:09:38,post_market,2026-01-12,2026-01-13,POSITIVE,OK,377,377
HCLTECH_2026-03-31,HCLTECH,HCL Technologies Ltd.,2026-03-31,2026-Q4,2026-04-21 18:01:20,post_market,2026-04-21,2026-04-22,NEGATIVE,OK,441,441
HCLTECH_2026-06-30,HCLTECH,HCL Technologies Ltd.,2026-06-30,2026-Q1,2026-07-13 17:41:00,post_market,2026-07-13,2026-07-14,POSITIVE,OK,497,497
HDFCBANK_2024-06-30,HDFCBANK,HDFC Bank Ltd.,2024-06-30,2024-Q1,2024-07-20 14:15:17,non_trading_day,2024-07-18,2024-07-22,NEUTRAL,INSUFFICIENT_HISTORY_return_10d|INSUFFICIENT_HISTORY_return_20d|INSUFFICIENT_HISTORY_return_60d|INSUFFICIENT_HISTORY_volatility_20d|INSUFFICIENT_HISTORY_volatility_60d|INSUFFICIENT_HISTORY_volume_ratio_20d|INSUFFICIENT_HISTORY_distance_from_20dma|INSUFFICIENT_HISTORY_distance_from_50dma|INSUFFICIENT_HISTORY_distance_from_200dma|INSUFFICIENT_HISTORY_drawdown_from_20d_high|INSUFFICIENT_HISTORY_drawdown_from_60d_high|INSUFFICIENT_HISTORY_drawdown_from_252d_high|LIMITED_HISTORY|VERY_LIMITED_HISTORY,8,8
HDFCBANK_2024-09-30,HDFCBANK,HDFC Bank Ltd.,2024-09-30,2024-Q2,2024-10-19 14:12:47,non_trading_day,2024-10-17,2024-10-21,POSITIVE,INSUFFICIENT_HISTORY_distance_from_200dma|INSUFFICIENT_HISTORY_drawdown_from_252d_high|VERY_LIMITED_HISTORY,71,71
HDFCBANK_2024-12-31,HDFCBANK,HDFC Bank Ltd.,2024-12-31,2024-Q3,2025-01-22 14:07:25,during_market,2025-01-21,2025-01-23,NEUTRAL,INSUFFICIENT_HISTORY_distance_from_200dma|INSUFFICIENT_HISTORY_drawdown_from_252d_high|VERY_LIMITED_HISTORY,136,136
HDFCBANK_2025-06-30,HDFCBANK,HDFC Bank Ltd.,2025-06-30,2025-Q1,2025-07-19 14:51:02,non_trading_day,2025-07-17,2025-07-21,NEUTRAL,OK,256,256
HDFCBANK_2025-09-30,HDFCBANK,HDFC Bank Ltd.,2025-09-30,2025-Q2,2025-10-18 14:08:44,non_trading_day,2025-10-16,2025-10-20,NEUTRAL,OK,318,318
HDFCBANK_2025-12-31,HDFCBANK,HDFC Bank Ltd.,2025-12-31,2025-Q3,2026-01-17 14:41:09,non_trading_day,2026-01-14,2026-01-19,NEUTRAL,OK,379,379
HDFCBANK_2026-03-31,HDFCBANK,HDFC Bank Ltd.,2026-03-31,2026-Q4,2026-04-18 14:45:47,non_trading_day,2026-04-16,2026-04-20,NEUTRAL,OK,438,438
HDFCBANK_2026-06-30,HDFCBANK,HDFC Bank Ltd.,2026-06-30,2026-Q1,2026-07-18 14:22:30,non_trading_day,2026-07-16,2026-07-20,NEGATIVE,OK,500,500
HDFCLIFE_2024-06-30,HDFCLIFE,HDFC Life Insurance Company Ltd.,2024-06-30,2024-Q1,2024-07-15 14:08:03,during_market,2024-07-12,2024-07-16,NEUTRAL,INSUFFICIENT_HISTORY_return_5d|INSUFFICIENT_HISTORY_return_10d|INSUFFICIENT_HISTORY_return_20d|INSUFFICIENT_HISTORY_return_60d|INSUFFICIENT_HISTORY_volatility_5d|INSUFFICIENT_HISTORY_volatility_20d|INSUFFICIENT_HISTORY_volatility_60d|INSUFFICIENT_HISTORY_volume_ratio_20d|INSUFFICIENT_HISTORY_distance_from_20dma|INSUFFICIENT_HISTORY_distance_from_50dma|INSUFFICIENT_HISTORY_distance_from_200dma|INSUFFICIENT_HISTORY_drawdown_from_20d_high|INSUFFICIENT_HISTORY_drawdown_from_60d_high|INSUFFICIENT_HISTORY_drawdown_from_252d_high|LIMITED_HISTORY|VERY_LIMITED_HISTORY,5,5
HDFCLIFE_2024-09-30,HDFCLIFE,HDFC Life Insurance Company Ltd.,2024-09-30,2024-Q2,2024-10-15 14:24:11,during_market,2024-10-14,2024-10-16,POSITIVE,INSUFFICIENT_HISTORY_distance_from_200dma|INSUFFICIENT_HISTORY_drawdown_from_252d_high|VERY_LIMITED_HISTORY,68,68
HDFCLIFE_2024-12-31,HDFCLIFE,HDFC Life Insurance Company Ltd.,2024-12-31,2024-Q3,2025-01-15 15:55:49,post_market,2025-01-15,2025-01-16,NEUTRAL,INSUFFICIENT_HISTORY_distance_from_200dma|INSUFFICIENT_HISTORY_drawdown_from_252d_high|VERY_LIMITED_HISTORY,132,132
HDFCLIFE_2025-06-30,HDFCLIFE,HDFC Life Insurance Company Ltd.,2025-06-30,2025-Q1,2025-07-15 18:07:38,post_market,2025-07-15,2025-07-16,NEUTRAL,OK,254,254
HDFCLIFE_2025-09-30,HDFCLIFE,HDFC Life Insurance Company Ltd.,2025-09-30,2025-Q3,2025-10-15 16:32:05,post_market,2025-10-15,2025-10-16,NEUTRAL,OK,317,317
HDFCLIFE_2025-12-31,HDFCLIFE,HDFC Life Insurance Company Ltd.,2025-12-31,2025-Q3,2026-01-15 16:47:34,non_trading_day,2026-01-13,2026-01-16,NEUTRAL,OK,378,378
HDFCLIFE_2026-03-31,HDFCLIFE,HDFC Life Insurance Company Ltd.,2026-03-31,2026-Q1,2026-04-16 16:41:29,post_market,2026-04-16,2026-04-17,NEUTRAL,OK,438,438
HDFCLIFE_2026-06-30,HDFCLIFE,HDFC Life Insurance Company Ltd.,2026-06-30,2026-Q1,2026-07-15 15:47:39,post_market,2026-07-15,2026-07-16,NEUTRAL,OK,499,499
HINDALCO_2024-06-30,HINDALCO,Hindalco Industries Ltd.,2024-06-30,2024-Q1,2024-08-13 14:05:49,during_market,2024-08-12,2024-08-14,POSITIVE,INSUFFICIENT_HISTORY_return_60d|INSUFFICIENT_HISTORY_volatility_60d|INSUFFICIENT_HISTORY_distance_from_50dma|INSUFFICIENT_HISTORY_distance_from_200dma|INSUFFICIENT_HISTORY_drawdown_from_60d_high|INSUFFICIENT_HISTORY_drawdown_from_252d_high|LIMITED_HISTORY|VERY_LIMITED_HISTORY,25,25
HINDALCO_2024-09-30,HINDALCO,Hindalco Industries Ltd.,2024-09-30,2024-Q2,2024-11-11 18:54:08,post_market,2024-11-11,2024-11-12,NEUTRAL,INSUFFICIENT_HISTORY_distance_from_200dma|INSUFFICIENT_HISTORY_drawdown_from_252d_high|VERY_LIMITED_HISTORY,88,88
HINDALCO_2024-12-31,HINDALCO,Hindalco Industries Ltd.,2024-12-31,2024-Q3,2025-02-13 18:46:44,post_market,2025-02-13,2025-02-14,POSITIVE,INSUFFICIENT_HISTORY_distance_from_200dma|INSUFFICIENT_HISTORY_drawdown_from_252d_high|VERY_LIMITED_HISTORY,153,153
HINDALCO_2025-03-31,HINDALCO,Hindalco Industries Ltd.,2025-03-31,2025-Q4,2025-05-20 14:17:51,during_market,2025-05-19,2025-05-21,NEUTRAL,INSUFFICIENT_HISTORY_drawdown_from_252d_high|VERY_LIMITED_HISTORY,213,213
HINDALCO_2025-06-30,HINDALCO,Hindalco Industries Ltd.,2025-06-30,2025-Q1,2025-08-12 14:46:19,during_market,2025-08-11,2025-08-13,NEUTRAL,OK,273,273
HINDALCO_2025-09-30,HINDALCO,Hindalco Industries Ltd.,2025-09-30,2025-Q2,2025-11-07 13:42:08,during_market,2025-11-06,2025-11-10,POSITIVE,OK,331,331
HINDALCO_2025-12-31,HINDALCO,Hindalco Industries Ltd.,2025-12-31,2025-Q3,2026-02-12 17:06:59,post_market,2026-02-12,2026-02-13,NEGATIVE,OK,398,398
HINDALCO_2026-03-31,HINDALCO,Hindalco Industries Ltd.,2026-03-31,2026-Q4,2026-05-22 17:22:17,post_market,2026-05-22,2026-05-25,POSITIVE,OK,463,463
HINDALCO_2026-06-30,HINDALCO,Hindalco Industries Ltd.,2026-06-30,2026-Q1,2026-08-07 14:40:26,during_market,2026-08-06,2026-08-10,NEUTRAL,OK,515,515
HINDUNILVR_2024-06-30,HINDUNILVR,Hindustan Unilever Ltd.,2024-06-30,2024-Q1,2024-07-23 15:52:09,post_market,2024-07-23,2024-07-24,NEUTRAL,INSUFFICIENT_HISTORY_return_20d|INSUFFICIENT_HISTORY_return_60d|INSUFFICIENT_HISTORY_volatility_20d|INSUFFICIENT_HISTORY_volatility_60d|INSUFFICIENT_HISTORY_volume_ratio_20d|INSUFFICIENT_HISTORY_distance_from_20dma|INSUFFICIENT_HISTORY_distance_from_50dma|INSUFFICIENT_HISTORY_distance_from_200dma|INSUFFICIENT_HISTORY_drawdown_from_20d_high|INSUFFICIENT_HISTORY_drawdown_from_60d_high|INSUFFICIENT_HISTORY_drawdown_from_252d_high|LIMITED_HISTORY|VERY_LIMITED_HISTORY,11,11
HINDUNILVR_2024-09-30,HINDUNILVR,Hindustan Unilever Ltd.,2024-09-30,2024-Q2,2024-10-23 17:08:20,post_market,2024-10-23,2024-10-24,NEUTRAL,INSUFFICIENT_HISTORY_distance_from_200dma|INSUFFICIENT_HISTORY_drawdown_from_252d_high|VERY_LIMITED_HISTORY,75,75
HINDUNILVR_2024-12-31,HINDUNILVR,Hindustan Unilever Ltd.,2024-12-31,2024-Q3,2025-01-22 16:09:12,post_market,2025-01-22,2025-01-23,POSITIVE,INSUFFICIENT_HISTORY_distance_from_200dma|INSUFFICIENT_HISTORY_drawdown_from_252d_high|VERY_LIMITED_HISTORY,137,137
HINDUNILVR_2026-03-31,HINDUNILVR,Hindustan Unilever Ltd.,2026-03-31,2026-Q4,2026-04-30 10:28:34,during_market,2026-04-29,2026-05-04,NEGATIVE,OK,447,447
ICICIBANK_2024-06-30,ICICIBANK,ICICI Bank Ltd.,2024-06-30,2024-Q1,2024-07-27 14:46:32,non_trading_day,2024-07-25,2024-07-29,NEUTRAL,INSUFFICIENT_HISTORY_return_20d|INSUFFICIENT_HISTORY_return_60d|INSUFFICIENT_HISTORY_volatility_20d|INSUFFICIENT_HISTORY_volatility_60d|INSUFFICIENT_HISTORY_volume_ratio_20d|INSUFFICIENT_HISTORY_distance_from_20dma|INSUFFICIENT_HISTORY_distance_from_50dma|INSUFFICIENT_HISTORY_distance_from_200dma|INSUFFICIENT_HISTORY_drawdown_from_20d_high|INSUFFICIENT_HISTORY_drawdown_from_60d_high|INSUFFICIENT_HISTORY_drawdown_from_252d_high|LIMITED_HISTORY|VERY_LIMITED_HISTORY,13,13
ICICIBANK_2024-09-30,ICICIBANK,ICICI Bank Ltd.,2024-09-30,2024-Q2,2024-10-26 14:00:16,non_trading_day,2024-10-24,2024-10-28,NEUTRAL,INSUFFICIENT_HISTORY_distance_from_200dma|INSUFFICIENT_HISTORY_drawdown_from_252d_high|VERY_LIMITED_HISTORY,76,76
ICICIBANK_2024-12-31,ICICIBANK,ICICI Bank Ltd.,2024-12-31,2024-Q3,2025-01-25 14:28:15,non_trading_day,2025-01-23,2025-01-27,NEUTRAL,INSUFFICIENT_HISTORY_distance_from_200dma|INSUFFICIENT_HISTORY_drawdown_from_252d_high|VERY_LIMITED_HISTORY,138,138
ICICIBANK_2025-06-30,ICICIBANK,ICICI Bank Ltd.,2025-06-30,2025-Q1,2025-07-19 14:56:03,non_trading_day,2025-07-17,2025-07-21,NEUTRAL,OK,256,256
ICICIBANK_2025-09-30,ICICIBANK,ICICI Bank Ltd.,2025-09-30,2025-Q2,2025-10-18 14:41:48,non_trading_day,2025-10-16,2025-10-20,NEUTRAL,OK,318,318
ICICIBANK_2025-12-31,ICICIBANK,ICICI Bank Ltd.,2025-12-31,2025-Q3,2026-01-17 15:06:50,non_trading_day,2026-01-14,2026-01-19,NEUTRAL,OK,379,379
ICICIBANK_2026-03-31,ICICIBANK,ICICI Bank Ltd.,2026-03-31,2026-Q4,2026-04-18 14:59:55,non_trading_day,2026-04-16,2026-04-20,NEUTRAL,OK,438,438
ICICIBANK_2026-06-30,ICICIBANK,ICICI Bank Ltd.,2026-06-30,2026-Q1,2026-07-18 14:23:53,non_trading_day,2026-07-16,2026-07-20,NEUTRAL,OK,500,500
INDIGO_2024-06-30,INDIGO,InterGlobe Aviation Ltd.,2024-06-30,2024-Q1,2024-07-26 15:31:11,post_market,2024-07-26,2024-07-29,NEUTRAL,INSUFFICIENT_HISTORY_return_20d|INSUFFICIENT_HISTORY_return_60d|INSUFFICIENT_HISTORY_volatility_20d|INSUFFICIENT_HISTORY_volatility_60d|INSUFFICIENT_HISTORY_volume_ratio_20d|INSUFFICIENT_HISTORY_distance_from_20dma|INSUFFICIENT_HISTORY_distance_from_50dma|INSUFFICIENT_HISTORY_distance_from_200dma|INSUFFICIENT_HISTORY_drawdown_from_20d_high|INSUFFICIENT_HISTORY_drawdown_from_60d_high|INSUFFICIENT_HISTORY_drawdown_from_252d_high|LIMITED_HISTORY|VERY_LIMITED_HISTORY,14,14
INDIGO_2024-09-30,INDIGO,InterGlobe Aviation Ltd.,2024-09-30,2024-Q2,2024-10-25 15:57:29,post_market,2024-10-25,2024-10-28,NEUTRAL,INSUFFICIENT_HISTORY_distance_from_200dma|INSUFFICIENT_HISTORY_drawdown_from_252d_high|VERY_LIMITED_HISTORY,77,77
INDIGO_2024-12-31,INDIGO,InterGlobe Aviation Ltd.,2024-12-31,2024-Q3,2025-01-24 16:03:00,post_market,2025-01-24,2025-01-27,NEUTRAL,INSUFFICIENT_HISTORY_distance_from_200dma|INSUFFICIENT_HISTORY_drawdown_from_252d_high|VERY_LIMITED_HISTORY,139,139
INDIGO_2025-03-31,INDIGO,InterGlobe Aviation Ltd.,2025-03-31,2025-Q4,2025-05-21 16:20:10,post_market,2025-05-21,2025-05-22,NEGATIVE,INSUFFICIENT_HISTORY_drawdown_from_252d_high|VERY_LIMITED_HISTORY,215,215
INDIGO_2025-06-30,INDIGO,InterGlobe Aviation Ltd.,2025-06-30,2025-Q1,2025-07-30 16:02:05,post_market,2025-07-30,2025-07-31,NEUTRAL,OK,265,265
INDIGO_2025-09-30,INDIGO,InterGlobe Aviation Ltd.,2025-09-30,2025-Q2,2025-11-04 16:00:43,post_market,2025-11-04,2025-11-06,NEUTRAL,OK,330,330
INDIGO_2025-12-31,INDIGO,InterGlobe Aviation Ltd.,2025-12-31,2025-Q3,2026-01-22 16:10:44,post_market,2026-01-22,2026-01-23,NEGATIVE,OK,384,384
INDIGO_2026-03-31,INDIGO,InterGlobe Aviation Ltd.,2026-03-31,2026-Q4,2026-05-29 16:12:49,post_market,2026-05-29,2026-06-01,NEUTRAL,OK,467,467
INDIGO_2026-06-30,INDIGO,InterGlobe Aviation Ltd.,2026-06-30,2026-Q1,2026-07-23 15:40:32,post_market,2026-07-23,2026-07-24,POSITIVE,OK,505,505
INFY_2024-06-30,INFY,Infosys Ltd.,2024-06-30,2024-Q1,2024-07-18 15:38:46,post_market,2024-07-18,2024-07-19,POSITIVE,INSUFFICIENT_HISTORY_return_10d|INSUFFICIENT_HISTORY_return_20d|INSUFFICIENT_HISTORY_return_60d|INSUFFICIENT_HISTORY_volatility_20d|INSUFFICIENT_HISTORY_volatility_60d|INSUFFICIENT_HISTORY_volume_ratio_20d|INSUFFICIENT_HISTORY_distance_from_20dma|INSUFFICIENT_HISTORY_distance_from_50dma|INSUFFICIENT_HISTORY_distance_from_200dma|INSUFFICIENT_HISTORY_drawdown_from_20d_high|INSUFFICIENT_HISTORY_drawdown_from_60d_high|INSUFFICIENT_HISTORY_drawdown_from_252d_high|LIMITED_HISTORY|VERY_LIMITED_HISTORY,8,8
INFY_2024-09-30,INFY,Infosys Ltd.,2024-09-30,2024-Q2,2024-10-17 15:39:01,post_market,2024-10-17,2024-10-18,NEUTRAL,INSUFFICIENT_HISTORY_distance_from_200dma|INSUFFICIENT_HISTORY_drawdown_from_252d_high|VERY_LIMITED_HISTORY,71,71
INFY_2024-12-31,INFY,Infosys Ltd.,2024-12-31,2024-Q3,2025-01-16 15:55:31,post_market,2025-01-16,2025-01-17,POSITIVE,INSUFFICIENT_HISTORY_distance_from_200dma|INSUFFICIENT_HISTORY_drawdown_from_252d_high|VERY_LIMITED_HISTORY,133,133
INFY_2025-06-30,INFY,Infosys Ltd.,2025-06-30,2025-Q1,2025-07-23 15:36:52,post_market,2025-07-23,2025-07-24,NEUTRAL,OK,260,260
INFY_2025-09-30,INFY,Infosys Ltd.,2025-09-30,2025-Q2,2025-10-16 16:06:54,post_market,2025-10-16,2025-10-17,POSITIVE,OK,318,318
INFY_2025-12-31,INFY,Infosys Ltd.,2025-12-31,2025-Q3,2026-01-14 16:05:05,post_market,2026-01-14,2026-01-16,NEUTRAL,OK,379,379
INFY_2026-03-31,INFY,Infosys Ltd.,2026-03-31,2026-Q4,2026-04-23 17:01:01,post_market,2026-04-23,2026-04-24,NEUTRAL,OK,443,443
INFY_2026-06-30,INFY,Infosys Ltd.,2026-06-30,2026-Q1,2026-07-23 16:20:26,post_market,2026-07-23,2026-07-24,POSITIVE,OK,505,505
ITC_2024-06-30,ITC,ITC Ltd.,2024-06-30,2024-Q1,2024-08-01 16:16:51,post_market,2024-08-01,2024-08-02,POSITIVE,INSUFFICIENT_HISTORY_return_20d|INSUFFICIENT_HISTORY_return_60d|INSUFFICIENT_HISTORY_volatility_20d|INSUFFICIENT_HISTORY_volatility_60d|INSUFFICIENT_HISTORY_volume_ratio_20d|INSUFFICIENT_HISTORY_distance_from_20dma|INSUFFICIENT_HISTORY_distance_from_50dma|INSUFFICIENT_HISTORY_distance_from_200dma|INSUFFICIENT_HISTORY_drawdown_from_20d_high|INSUFFICIENT_HISTORY_drawdown_from_60d_high|INSUFFICIENT_HISTORY_drawdown_from_252d_high|LIMITED_HISTORY|VERY_LIMITED_HISTORY,18,18
ITC_2024-09-30,ITC,ITC Ltd.,2024-09-30,2024-Q2,2024-10-24 19:14:21,post_market,2024-10-24,2024-10-25,NEUTRAL,INSUFFICIENT_HISTORY_distance_from_200dma|INSUFFICIENT_HISTORY_drawdown_from_252d_high|VERY_LIMITED_HISTORY,76,76
ITC_2024-12-31,ITC,ITC Ltd.,2024-12-31,2024-Q3,2025-02-06 18:37:02,post_market,2025-02-06,2025-02-07,NEGATIVE,INSUFFICIENT_HISTORY_distance_from_200dma|INSUFFICIENT_HISTORY_drawdown_from_252d_high|VERY_LIMITED_HISTORY,148,148
ITC_2025-03-31,ITC,ITC Ltd.,2025-03-31,2025-Q4,2025-05-22 16:51:00,post_market,2025-05-22,2025-05-23,NEGATIVE,INSUFFICIENT_HISTORY_drawdown_from_252d_high|VERY_LIMITED_HISTORY,216,216
ITC_2025-06-30,ITC,ITC Ltd.,2025-06-30,2025-Q2,2025-08-01 17:23:13,post_market,2025-08-01,2025-08-04,NEUTRAL,OK,267,267
ITC_2025-09-30,ITC,ITC Ltd.,2025-09-30,2025-Q2,2025-10-30 16:26:13,post_market,2025-10-30,2025-10-31,NEGATIVE,OK,327,327
ITC_2025-12-31,ITC,ITC Ltd.,2025-12-31,2025-Q3,2026-01-29 18:37:26,post_market,2026-01-29,2026-01-30,NEGATIVE,OK,388,388
ITC_2026-03-31,ITC,ITC Ltd.,2026-03-31,2026-Q4,2026-05-21 15:22:20,during_market,2026-05-20,2026-05-22,NEGATIVE,OK,461,461
ITC_2026-06-30,ITC,ITC Ltd.,2026-06-30,2026-Q1,2026-07-31 16:31:22,post_market,2026-07-31,2026-08-03,NEUTRAL,OK,511,511
JIOFIN_2024-06-30,JIOFIN,Jio Financial Services Ltd.,2024-06-30,2024-Q1,2024-07-15 19:03:39,post_market,2024-07-15,2024-07-16,NEUTRAL,INSUFFICIENT_HISTORY_return_10d|INSUFFICIENT_HISTORY_return_20d|INSUFFICIENT_HISTORY_return_60d|INSUFFICIENT_HISTORY_volatility_20d|INSUFFICIENT_HISTORY_volatility_60d|INSUFFICIENT_HISTORY_volume_ratio_20d|INSUFFICIENT_HISTORY_distance_from_20dma|INSUFFICIENT_HISTORY_distance_from_50dma|INSUFFICIENT_HISTORY_distance_from_200dma|INSUFFICIENT_HISTORY_drawdown_from_20d_high|INSUFFICIENT_HISTORY_drawdown_from_60d_high|INSUFFICIENT_HISTORY_drawdown_from_252d_high|LIMITED_HISTORY|VERY_LIMITED_HISTORY,6,6
JIOFIN_2024-09-30,JIOFIN,Jio Financial Services Ltd.,2024-09-30,2024-Q3,2024-10-18 17:54:33,post_market,2024-10-18,2024-10-21,NEUTRAL,INSUFFICIENT_HISTORY_distance_from_200dma|INSUFFICIENT_HISTORY_drawdown_from_252d_high|VERY_LIMITED_HISTORY,72,72
JIOFIN_2024-12-31,JIOFIN,Jio Financial Services Ltd.,2024-12-31,2024-Q3,2025-01-17 18:03:01,post_market,2025-01-17,2025-01-20,NEGATIVE,INSUFFICIENT_HISTORY_distance_from_200dma|INSUFFICIENT_HISTORY_drawdown_from_252d_high|VERY_LIMITED_HISTORY,134,134
JIOFIN_2025-03-31,JIOFIN,Jio Financial Services Ltd.,2025-03-31,2025-Q1,2025-04-17 19:17:14,post_market,2025-04-17,2025-04-21,POSITIVE,INSUFFICIENT_HISTORY_distance_from_200dma|INSUFFICIENT_HISTORY_drawdown_from_252d_high|VERY_LIMITED_HISTORY,193,193
JIOFIN_2025-12-31,JIOFIN,Jio Financial Services Ltd.,2025-12-31,2025-Q3,2026-01-15 16:26:35,non_trading_day,2026-01-13,2026-01-16,NEGATIVE,OK,378,378
JSWSTEEL_2024-06-30,JSWSTEEL,JSW Steel Ltd.,2024-06-30,2024-Q1,2024-07-19 15:57:54,post_market,2024-07-19,2024-07-22,NEUTRAL,INSUFFICIENT_HISTORY_return_10d|INSUFFICIENT_HISTORY_return_20d|INSUFFICIENT_HISTORY_return_60d|INSUFFICIENT_HISTORY_volatility_20d|INSUFFICIENT_HISTORY_volatility_60d|INSUFFICIENT_HISTORY_volume_ratio_20d|INSUFFICIENT_HISTORY_distance_from_20dma|INSUFFICIENT_HISTORY_distance_from_50dma|INSUFFICIENT_HISTORY_distance_from_200dma|INSUFFICIENT_HISTORY_drawdown_from_20d_high|INSUFFICIENT_HISTORY_drawdown_from_60d_high|INSUFFICIENT_HISTORY_drawdown_from_252d_high|LIMITED_HISTORY|VERY_LIMITED_HISTORY,9,9
JSWSTEEL_2024-09-30,JSWSTEEL,JSW Steel Ltd.,2024-09-30,2024-Q2,2024-10-25 14:00:04,during_market,2024-10-24,2024-10-28,NEUTRAL,INSUFFICIENT_HISTORY_distance_from_200dma|INSUFFICIENT_HISTORY_drawdown_from_252d_high|VERY_LIMITED_HISTORY,76,76
JSWSTEEL_2024-12-31,JSWSTEEL,JSW Steel Ltd.,2024-12-31,2024-Q3,2025-01-24 16:07:35,post_market,2025-01-24,2025-01-27,NEUTRAL,INSUFFICIENT_HISTORY_distance_from_200dma|INSUFFICIENT_HISTORY_drawdown_from_252d_high|VERY_LIMITED_HISTORY,139,139
JSWSTEEL_2025-03-31,JSWSTEEL,JSW Steel Ltd.,2025-03-31,2025-Q4,2025-05-23 15:52:19,post_market,2025-05-23,2025-05-26,NEGATIVE,INSUFFICIENT_HISTORY_drawdown_from_252d_high|VERY_LIMITED_HISTORY,217,217
JSWSTEEL_2025-06-30,JSWSTEEL,JSW Steel Ltd.,2025-06-30,2025-Q1,2025-07-18 15:27:53,during_market,2025-07-17,2025-07-21,NEUTRAL,OK,256,256
JSWSTEEL_2025-09-30,JSWSTEEL,JSW Steel Ltd.,2025-09-30,2025-Q2,2025-10-17 14:52:36,during_market,2025-10-16,2025-10-20,NEUTRAL,OK,318,318
JSWSTEEL_2025-12-31,JSWSTEEL,JSW Steel Ltd.,2025-12-31,2025-Q3,2026-01-23 15:29:13,during_market,2026-01-22,2026-01-27,NEUTRAL,OK,384,384
JSWSTEEL_2026-03-31,JSWSTEEL,JSW Steel Ltd.,2026-03-31,2026-Q4,2026-05-14 15:32:30,post_market,2026-05-14,2026-05-15,NEUTRAL,OK,457,457
JSWSTEEL_2026-06-30,JSWSTEEL,JSW Steel Ltd.,2026-06-30,2026-Q1,2026-07-17 14:43:55,during_market,2026-07-16,2026-07-20,NEUTRAL,OK,500,500
KOTAKBANK_2024-06-30,KOTAKBANK,Kotak Mahindra Bank Ltd.,2024-06-30,2024-Q1,2024-07-20 13:27:46,non_trading_day,2024-07-18,2024-07-22,NEUTRAL,INSUFFICIENT_HISTORY_return_10d|INSUFFICIENT_HISTORY_return_20d|INSUFFICIENT_HISTORY_return_60d|INSUFFICIENT_HISTORY_volatility_20d|INSUFFICIENT_HISTORY_volatility_60d|INSUFFICIENT_HISTORY_volume_ratio_20d|INSUFFICIENT_HISTORY_distance_from_20dma|INSUFFICIENT_HISTORY_distance_from_50dma|INSUFFICIENT_HISTORY_distance_from_200dma|INSUFFICIENT_HISTORY_drawdown_from_20d_high|INSUFFICIENT_HISTORY_drawdown_from_60d_high|INSUFFICIENT_HISTORY_drawdown_from_252d_high|LIMITED_HISTORY|VERY_LIMITED_HISTORY,8,8
KOTAKBANK_2024-09-30,KOTAKBANK,Kotak Mahindra Bank Ltd.,2024-09-30,2024-Q3,2024-10-19 12:13:14,non_trading_day,2024-10-17,2024-10-21,NEUTRAL,INSUFFICIENT_HISTORY_distance_from_200dma|INSUFFICIENT_HISTORY_drawdown_from_252d_high|VERY_LIMITED_HISTORY,71,71
KOTAKBANK_2024-12-31,KOTAKBANK,Kotak Mahindra Bank Ltd.,2024-12-31,2025-Q4,2025-01-18 13:06:29,non_trading_day,2025-01-16,2025-01-20,NEUTRAL,INSUFFICIENT_HISTORY_distance_from_200dma|INSUFFICIENT_HISTORY_drawdown_from_252d_high|VERY_LIMITED_HISTORY,133,133
KOTAKBANK_2025-06-30,KOTAKBANK,Kotak Mahindra Bank Ltd.,2025-06-30,2025-Q1,2025-07-26 13:13:06,non_trading_day,2025-07-24,2025-07-28,NEUTRAL,OK,261,261
KOTAKBANK_2025-09-30,KOTAKBANK,Kotak Mahindra Bank Ltd.,2025-09-30,2025-Q2,2025-10-25 12:19:57,non_trading_day,2025-10-23,2025-10-27,NEUTRAL,OK,322,322
KOTAKBANK_2025-12-31,KOTAKBANK,Kotak Mahindra Bank Ltd.,2025-12-31,2025-Q3,2026-01-24 14:18:34,non_trading_day,2026-01-22,2026-01-27,NEUTRAL,OK,384,384
KOTAKBANK_2026-03-31,KOTAKBANK,Kotak Mahindra Bank Ltd.,2026-03-31,2026-Q4,2026-05-02 14:56:46,non_trading_day,2026-04-29,2026-05-04,NEUTRAL,OK,447,447
KOTAKBANK_2026-06-30,KOTAKBANK,Kotak Mahindra Bank Ltd.,2026-06-30,2026-Q1,2026-07-18 12:37:58,non_trading_day,2026-07-16,2026-07-20,NEUTRAL,OK,500,500
LT_2024-06-30,LT,Larsen & Toubro Ltd.,2024-06-30,2024-Q1,2024-07-24 17:10:01,post_market,2024-07-24,2024-07-25,POSITIVE,INSUFFICIENT_HISTORY_return_20d|INSUFFICIENT_HISTORY_return_60d|INSUFFICIENT_HISTORY_volatility_20d|INSUFFICIENT_HISTORY_volatility_60d|INSUFFICIENT_HISTORY_volume_ratio_20d|INSUFFICIENT_HISTORY_distance_from_20dma|INSUFFICIENT_HISTORY_distance_from_50dma|INSUFFICIENT_HISTORY_distance_from_200dma|INSUFFICIENT_HISTORY_drawdown_from_20d_high|INSUFFICIENT_HISTORY_drawdown_from_60d_high|INSUFFICIENT_HISTORY_drawdown_from_252d_high|LIMITED_HISTORY|VERY_LIMITED_HISTORY,12,12
LT_2024-09-30,LT,Larsen & Toubro Ltd.,2024-09-30,2024-Q2,2024-10-30 17:44:38,post_market,2024-10-30,2024-10-31,NEUTRAL,INSUFFICIENT_HISTORY_distance_from_200dma|INSUFFICIENT_HISTORY_drawdown_from_252d_high|VERY_LIMITED_HISTORY,80,80
LT_2024-12-31,LT,Larsen & Toubro Ltd.,2024-12-31,2024-Q3,2025-01-30 16:27:35,post_market,2025-01-30,2025-01-31,NEGATIVE,INSUFFICIENT_HISTORY_distance_from_200dma|INSUFFICIENT_HISTORY_drawdown_from_252d_high|VERY_LIMITED_HISTORY,143,143
LT_2025-06-30,LT,Larsen & Toubro Ltd.,2025-06-30,2025-Q1,2025-07-29 17:15:41,post_market,2025-07-29,2025-07-30,NEUTRAL,OK,264,264
LT_2025-09-30,LT,Larsen & Toubro Ltd.,2025-09-30,2025-Q2,2025-10-29 17:12:35,post_market,2025-10-29,2025-10-30,NEUTRAL,OK,326,326
LT_2025-12-31,LT,Larsen & Toubro Ltd.,2025-12-31,2025-Q3,2026-01-28 17:35:10,post_market,2026-01-28,2026-01-29,NEUTRAL,OK,387,387
LT_2026-06-30,LT,Larsen & Toubro Ltd.,2026-06-30,2026-Q1,2026-07-28 17:18:41,post_market,2026-07-28,2026-07-29,NEUTRAL,OK,508,508
M&M_2024-06-30,M&M,Mahindra & Mahindra Ltd.,2024-06-30,2024-Q1,2024-07-31 13:04:01,during_market,2024-07-30,2024-08-01,NEGATIVE,INSUFFICIENT_HISTORY_return_20d|INSUFFICIENT_HISTORY_return_60d|INSUFFICIENT_HISTORY_volatility_20d|INSUFFICIENT_HISTORY_volatility_60d|INSUFFICIENT_HISTORY_volume_ratio_20d|INSUFFICIENT_HISTORY_distance_from_20dma|INSUFFICIENT_HISTORY_distance_from_50dma|INSUFFICIENT_HISTORY_distance_from_200dma|INSUFFICIENT_HISTORY_drawdown_from_20d_high|INSUFFICIENT_HISTORY_drawdown_from_60d_high|INSUFFICIENT_HISTORY_drawdown_from_252d_high|LIMITED_HISTORY|VERY_LIMITED_HISTORY,16,16
M&M_2024-09-30,M&M,Mahindra & Mahindra Ltd.,2024-09-30,2024-Q2,2024-11-07 12:04:14,during_market,2024-11-06,2024-11-08,NEGATIVE,INSUFFICIENT_HISTORY_distance_from_200dma|INSUFFICIENT_HISTORY_drawdown_from_252d_high|VERY_LIMITED_HISTORY,85,85
M&M_2024-12-31,M&M,Mahindra & Mahindra Ltd.,2024-12-31,2024-Q3,2025-02-07 13:27:40,during_market,2025-02-06,2025-02-10,NEGATIVE,INSUFFICIENT_HISTORY_distance_from_200dma|INSUFFICIENT_HISTORY_drawdown_from_252d_high|VERY_LIMITED_HISTORY,148,148
M&M_2025-06-30,M&M,Mahindra & Mahindra Ltd.,2025-06-30,2025-Q1,2025-07-30 17:04:32,post_market,2025-07-30,2025-07-31,NEUTRAL,OK,265,265
M&M_2025-09-30,M&M,Mahindra & Mahindra Ltd.,2025-09-30,2025-Q2,2025-11-04 13:25:32,during_market,2025-11-03,2025-11-06,POSITIVE,OK,329,329
M&M_2025-12-31,M&M,Mahindra & Mahindra Ltd.,2025-12-31,2025-Q3,2026-02-11 11:51:42,during_market,2026-02-10,2026-02-12,NEGATIVE,OK,396,396
M&M_2026-03-31,M&M,Mahindra & Mahindra Ltd.,2026-03-31,2026-Q4,2026-05-05 12:22:12,during_market,2026-05-04,2026-05-06,NEUTRAL,OK,449,449
M&M_2026-06-30,M&M,Mahindra & Mahindra Ltd.,2026-06-30,2026-Q1,2026-07-30 12:58:45,during_market,2026-07-29,2026-07-31,NEUTRAL,OK,509,509
MARUTI_2024-06-30,MARUTI,Maruti Suzuki India Ltd.,2024-06-30,2024-Q1,2024-07-31 15:23:46,during_market,2024-07-30,2024-08-01,NEGATIVE,INSUFFICIENT_HISTORY_return_20d|INSUFFICIENT_HISTORY_return_60d|INSUFFICIENT_HISTORY_volatility_20d|INSUFFICIENT_HISTORY_volatility_60d|INSUFFICIENT_HISTORY_volume_ratio_20d|INSUFFICIENT_HISTORY_distance_from_20dma|INSUFFICIENT_HISTORY_distance_from_50dma|INSUFFICIENT_HISTORY_distance_from_200dma|INSUFFICIENT_HISTORY_drawdown_from_20d_high|INSUFFICIENT_HISTORY_drawdown_from_60d_high|INSUFFICIENT_HISTORY_drawdown_from_252d_high|LIMITED_HISTORY|VERY_LIMITED_HISTORY,16,16
MARUTI_2024-09-30,MARUTI,Maruti Suzuki India Ltd.,2024-09-30,2024-Q2,2024-10-29 13:21:23,during_market,2024-10-28,2024-10-30,NEUTRAL,INSUFFICIENT_HISTORY_distance_from_200dma|INSUFFICIENT_HISTORY_drawdown_from_252d_high|VERY_LIMITED_HISTORY,78,78
MARUTI_2024-12-31,MARUTI,Maruti Suzuki India Ltd.,2024-12-31,2024-Q3,2025-01-29 13:38:42,during_market,2025-01-28,2025-01-30,POSITIVE,INSUFFICIENT_HISTORY_distance_from_200dma|INSUFFICIENT_HISTORY_drawdown_from_252d_high|VERY_LIMITED_HISTORY,141,141
MARUTI_2025-06-30,MARUTI,Maruti Suzuki India Ltd.,2025-06-30,2025-Q1,2025-07-31 14:58:41,during_market,2025-07-30,2025-08-01,NEUTRAL,OK,265,265
MARUTI_2025-09-30,MARUTI,Maruti Suzuki India Ltd.,2025-09-30,2025-Q2,2025-10-31 14:19:05,during_market,2025-10-30,2025-11-03,NEUTRAL,OK,327,327
MARUTI_2025-12-31,MARUTI,Maruti Suzuki India Ltd.,2025-12-31,2025-Q3,2026-01-28 14:11:41,during_market,2026-01-27,2026-01-29,NEUTRAL,OK,386,386
MARUTI_2026-03-31,MARUTI,Maruti Suzuki India Ltd.,2026-03-31,2026-Q4,2026-04-28 14:41:09,during_market,2026-04-27,2026-04-29,NEUTRAL,OK,445,445
MARUTI_2026-06-30,MARUTI,Maruti Suzuki India Ltd.,2026-06-30,2026-Q1,2026-07-31 16:39:44,post_market,2026-07-31,2026-08-03,NEUTRAL,OK,511,511
MAXHEALTH_2024-06-30,MAXHEALTH,Max Healthcare Institute Ltd.,2024-06-30,2024-Q1,2024-08-01 14:02:42,during_market,2024-07-31,2024-08-02,NEGATIVE,INSUFFICIENT_HISTORY_return_20d|INSUFFICIENT_HISTORY_return_60d|INSUFFICIENT_HISTORY_volatility_20d|INSUFFICIENT_HISTORY_volatility_60d|INSUFFICIENT_HISTORY_volume_ratio_20d|INSUFFICIENT_HISTORY_distance_from_20dma|INSUFFICIENT_HISTORY_distance_from_50dma|INSUFFICIENT_HISTORY_distance_from_200dma|INSUFFICIENT_HISTORY_drawdown_from_20d_high|INSUFFICIENT_HISTORY_drawdown_from_60d_high|INSUFFICIENT_HISTORY_drawdown_from_252d_high|LIMITED_HISTORY|VERY_LIMITED_HISTORY,17,17
MAXHEALTH_2024-09-30,MAXHEALTH,Max Healthcare Institute Ltd.,2024-09-30,2024-Q2,2024-11-05 21:14:21,post_market,2024-11-05,2024-11-06,NEGATIVE,INSUFFICIENT_HISTORY_distance_from_200dma|INSUFFICIENT_HISTORY_drawdown_from_252d_high|VERY_LIMITED_HISTORY,84,84
MAXHEALTH_2024-12-31,MAXHEALTH,Max Healthcare Institute Ltd.,2024-12-31,2024-Q3,2025-01-30 14:13:41,during_market,2025-01-29,2025-01-31,POSITIVE,INSUFFICIENT_HISTORY_distance_from_200dma|INSUFFICIENT_HISTORY_drawdown_from_252d_high|VERY_LIMITED_HISTORY,142,142
MAXHEALTH_2025-03-31,MAXHEALTH,Max Healthcare Institute Ltd.,2025-03-31,2025-Q4,2025-05-20 14:43:11,during_market,2025-05-19,2025-05-21,NEUTRAL,INSUFFICIENT_HISTORY_drawdown_from_252d_high|VERY_LIMITED_HISTORY,213,213
MAXHEALTH_2025-06-30,MAXHEALTH,Max Healthcare Institute Ltd.,2025-06-30,2025-Q2,2025-08-13 12:16:55,during_market,2025-08-12,2025-08-14,NEUTRAL,OK,274,274
MAXHEALTH_2025-09-30,MAXHEALTH,Max Healthcare Institute Ltd.,2025-09-30,2025-Q2,2025-11-14 20:33:48,post_market,2025-11-14,2025-11-17,POSITIVE,OK,337,337
MAXHEALTH_2025-12-31,MAXHEALTH,Max Healthcare Institute Ltd.,2025-12-31,2025-Q3,2026-02-05 13:37:46,during_market,2026-02-04,2026-02-06,NEUTRAL,OK,392,392
MAXHEALTH_2026-03-31,MAXHEALTH,Max Healthcare Institute Ltd.,2026-03-31,2026-Q4,2026-05-21 16:25:53,post_market,2026-05-21,2026-05-22,NEGATIVE,OK,462,462
MAXHEALTH_2026-06-30,MAXHEALTH,Max Healthcare Institute Ltd.,2026-06-30,2026-Q1,2026-08-13 14:27:18,during_market,2026-08-12,2026-08-14,NEUTRAL,OK,519,519
NESTLEIND_2024-06-30,NESTLEIND,Nestle India Ltd.,2024-06-30,2024-Q1,2024-07-25 11:10:37,during_market,2024-07-24,2024-07-26,NEUTRAL,INSUFFICIENT_HISTORY_return_20d|INSUFFICIENT_HISTORY_return_60d|INSUFFICIENT_HISTORY_volatility_20d|INSUFFICIENT_HISTORY_volatility_60d|INSUFFICIENT_HISTORY_volume_ratio_20d|INSUFFICIENT_HISTORY_distance_from_20dma|INSUFFICIENT_HISTORY_distance_from_50dma|INSUFFICIENT_HISTORY_distance_from_200dma|INSUFFICIENT_HISTORY_drawdown_from_20d_high|INSUFFICIENT_HISTORY_drawdown_from_60d_high|INSUFFICIENT_HISTORY_drawdown_from_252d_high|LIMITED_HISTORY|VERY_LIMITED_HISTORY,12,12
NESTLEIND_2024-09-30,NESTLEIND,Nestle India Ltd.,2024-09-30,2024-Q2,2024-10-17 12:04:43,during_market,2024-10-16,2024-10-18,NEUTRAL,INSUFFICIENT_HISTORY_distance_from_200dma|INSUFFICIENT_HISTORY_drawdown_from_252d_high|VERY_LIMITED_HISTORY,70,70
NESTLEIND_2024-12-31,NESTLEIND,Nestle India Ltd.,2024-12-31,2024-Q3,2025-01-31 12:02:43,during_market,2025-01-30,2025-02-03,NEGATIVE,INSUFFICIENT_HISTORY_distance_from_200dma|INSUFFICIENT_HISTORY_drawdown_from_252d_high|VERY_LIMITED_HISTORY,143,143
NESTLEIND_2025-06-30,NESTLEIND,Nestle India Ltd.,2025-06-30,2025-Q1,2025-07-24 11:43:06,during_market,2025-07-23,2025-07-25,NEUTRAL,OK,260,260
NESTLEIND_2025-09-30,NESTLEIND,Nestle India Ltd.,2025-09-30,2025-Q2,2025-10-16 11:49:22,during_market,2025-10-15,2025-10-17,NEGATIVE,OK,317,317
NESTLEIND_2025-12-31,NESTLEIND,Nestle India Ltd.,2025-12-31,2025-Q3,2026-01-30 13:50:52,during_market,2026-01-29,2026-02-02,NEGATIVE,OK,388,388
NESTLEIND_2026-03-31,NESTLEIND,Nestle India Ltd.,2026-03-31,2026-Q4,2026-04-21 14:15:02,during_market,2026-04-20,2026-04-22,POSITIVE,OK,440,440
NESTLEIND_2026-06-30,NESTLEIND,Nestle India Ltd.,2026-06-30,2026-Q1,2026-07-22 11:11:18,during_market,2026-07-21,2026-07-23,POSITIVE,OK,503,503
NTPC_2024-06-30,NTPC,NTPC Ltd.,2024-06-30,2024-Q1,2024-07-27 15:40:03,non_trading_day,2024-07-25,2024-07-29,POSITIVE,INSUFFICIENT_HISTORY_return_20d|INSUFFICIENT_HISTORY_return_60d|INSUFFICIENT_HISTORY_volatility_20d|INSUFFICIENT_HISTORY_volatility_60d|INSUFFICIENT_HISTORY_volume_ratio_20d|INSUFFICIENT_HISTORY_distance_from_20dma|INSUFFICIENT_HISTORY_distance_from_50dma|INSUFFICIENT_HISTORY_distance_from_200dma|INSUFFICIENT_HISTORY_drawdown_from_20d_high|INSUFFICIENT_HISTORY_drawdown_from_60d_high|INSUFFICIENT_HISTORY_drawdown_from_252d_high|LIMITED_HISTORY|VERY_LIMITED_HISTORY,13,13
NTPC_2024-09-30,NTPC,NTPC Ltd.,2024-09-30,2024-Q2,2024-10-24 20:36:55,post_market,2024-10-24,2024-10-25,NEUTRAL,INSUFFICIENT_HISTORY_distance_from_200dma|INSUFFICIENT_HISTORY_drawdown_from_252d_high|VERY_LIMITED_HISTORY,76,76
NTPC_2024-12-31,NTPC,NTPC Ltd.,2024-12-31,2024-Q3,2025-01-25 17:35:39,non_trading_day,2025-01-23,2025-01-27,NEUTRAL,INSUFFICIENT_HISTORY_distance_from_200dma|INSUFFICIENT_HISTORY_drawdown_from_252d_high|VERY_LIMITED_HISTORY,138,138
NTPC_2025-03-31,NTPC,NTPC Ltd.,2025-03-31,2025-Q4,2025-05-24 16:42:54,non_trading_day,2025-05-22,2025-05-26,NEUTRAL,INSUFFICIENT_HISTORY_drawdown_from_252d_high|VERY_LIMITED_HISTORY,216,216
NTPC_2025-06-30,NTPC,NTPC Ltd.,2025-06-30,2025-Q1,2025-07-29 20:01:29,post_market,2025-07-29,2025-07-30,NEUTRAL,OK,264,264
NTPC_2025-09-30,NTPC,NTPC Ltd.,2025-09-30,2025-Q2,2025-10-30 18:51:11,post_market,2025-10-30,2025-10-31,NEGATIVE,OK,327,327
NTPC_2025-12-31,NTPC,NTPC Ltd.,2025-12-31,2025-Q3,2026-01-30 16:33:05,post_market,2026-01-30,2026-02-02,POSITIVE,OK,389,389
NTPC_2026-03-31,NTPC,NTPC Ltd.,2026-03-31,2026-Q4,2026-05-23 15:15:04,non_trading_day,2026-05-21,2026-05-25,NEUTRAL,OK,462,462
NTPC_2026-06-30,NTPC,NTPC Ltd.,2026-06-30,2026-Q1,2026-07-24 19:43:51,post_market,2026-07-24,2026-07-27,NEGATIVE,OK,506,506
ONGC_2024-06-30,ONGC,Oil & Natural Gas Corporation Ltd.,2024-06-30,2024-Q1,2024-08-05 19:59:59,post_market,2024-08-05,2024-08-06,POSITIVE,INSUFFICIENT_HISTORY_return_20d|INSUFFICIENT_HISTORY_return_60d|INSUFFICIENT_HISTORY_volatility_20d|INSUFFICIENT_HISTORY_volatility_60d|INSUFFICIENT_HISTORY_distance_from_50dma|INSUFFICIENT_HISTORY_distance_from_200dma|INSUFFICIENT_HISTORY_drawdown_from_60d_high|INSUFFICIENT_HISTORY_drawdown_from_252d_high|LIMITED_HISTORY|VERY_LIMITED_HISTORY,20,20
ONGC_2024-09-30,ONGC,Oil & Natural Gas Corporation Ltd.,2024-09-30,2024-Q2,2024-11-11 18:21:29,post_market,2024-11-11,2024-11-12,NEUTRAL,INSUFFICIENT_HISTORY_distance_from_200dma|INSUFFICIENT_HISTORY_drawdown_from_252d_high|VERY_LIMITED_HISTORY,88,88
ONGC_2024-12-31,ONGC,Oil & Natural Gas Corporation Ltd.,2024-12-31,2024-Q3,2025-01-31 19:34:11,post_market,2025-01-31,2025-02-03,NEUTRAL,INSUFFICIENT_HISTORY_distance_from_200dma|INSUFFICIENT_HISTORY_drawdown_from_252d_high|VERY_LIMITED_HISTORY,144,144
ONGC_2025-03-31,ONGC,Oil & Natural Gas Corporation Ltd.,2025-03-31,2025-Q4,2025-05-21 21:52:35,post_market,2025-05-21,2025-05-22,NEUTRAL,INSUFFICIENT_HISTORY_drawdown_from_252d_high|VERY_LIMITED_HISTORY,215,215
ONGC_2025-06-30,ONGC,Oil & Natural Gas Corporation Ltd.,2025-06-30,2025-Q1,2025-08-12 22:13:12,post_market,2025-08-12,2025-08-13,NEUTRAL,OK,274,274
ONGC_2025-09-30,ONGC,Oil & Natural Gas Corporation Ltd.,2025-09-30,2025-Q2,2025-11-10 22:18:44,post_market,2025-11-10,2025-11-11,NEUTRAL,OK,333,333
ONGC_2025-12-31,ONGC,Oil & Natural Gas Corporation Ltd.,2025-12-31,2025-Q3,2026-02-12 21:27:07,post_market,2026-02-12,2026-02-13,NEGATIVE,OK,398,398
ONGC_2026-03-31,ONGC,Oil & Natural Gas Corporation Ltd.,2026-03-31,2026-Q4,2026-05-26 20:58:27,post_market,2026-05-26,2026-05-27,NEUTRAL,OK,465,465
ONGC_2026-06-30,ONGC,Oil & Natural Gas Corporation Ltd.,2026-06-30,2026-Q1,2026-08-04 20:03:37,post_market,2026-08-04,2026-08-05,NEUTRAL,OK,513,513
POWERGRID_2024-06-30,POWERGRID,Power Grid Corporation of India Ltd.,2024-06-30,2024-Q1,2024-07-26 20:21:28,post_market,2024-07-26,2024-07-29,POSITIVE,INSUFFICIENT_HISTORY_return_20d|INSUFFICIENT_HISTORY_return_60d|INSUFFICIENT_HISTORY_volatility_20d|INSUFFICIENT_HISTORY_volatility_60d|INSUFFICIENT_HISTORY_volume_ratio_20d|INSUFFICIENT_HISTORY_distance_from_20dma|INSUFFICIENT_HISTORY_distance_from_50dma|INSUFFICIENT_HISTORY_distance_from_200dma|INSUFFICIENT_HISTORY_drawdown_from_20d_high|INSUFFICIENT_HISTORY_drawdown_from_60d_high|INSUFFICIENT_HISTORY_drawdown_from_252d_high|LIMITED_HISTORY|VERY_LIMITED_HISTORY,14,14
POWERGRID_2024-09-30,POWERGRID,Power Grid Corporation of India Ltd.,2024-09-30,2024-Q2,2024-11-06 16:36:54,post_market,2024-11-06,2024-11-07,POSITIVE,INSUFFICIENT_HISTORY_distance_from_200dma|INSUFFICIENT_HISTORY_drawdown_from_252d_high|VERY_LIMITED_HISTORY,85,85
POWERGRID_2024-12-31,POWERGRID,Power Grid Corporation of India Ltd.,2024-12-31,2024-Q3,2025-02-03 20:22:55,post_market,2025-02-03,2025-02-04,NEGATIVE,INSUFFICIENT_HISTORY_distance_from_200dma|INSUFFICIENT_HISTORY_drawdown_from_252d_high|VERY_LIMITED_HISTORY,145,145
POWERGRID_2025-03-31,POWERGRID,Power Grid Corporation of India Ltd.,2025-03-31,2025-Q4,2025-05-19 19:45:44,post_market,2025-05-19,2025-05-20,NEUTRAL,INSUFFICIENT_HISTORY_drawdown_from_252d_high|VERY_LIMITED_HISTORY,213,213
POWERGRID_2025-06-30,POWERGRID,Power Grid Corporation of India Ltd.,2025-06-30,2025-Q1,2025-07-30 14:54:12,during_market,2025-07-29,2025-07-31,NEUTRAL,OK,264,264
POWERGRID_2025-09-30,POWERGRID,Power Grid Corporation of India Ltd.,2025-09-30,2025-Q2,2025-11-03 18:19:24,post_market,2025-11-03,2025-11-04,NEGATIVE,OK,329,329
POWERGRID_2026-03-31,POWERGRID,Power Grid Corporation of India Ltd.,2026-03-31,2026-Q4,2026-05-15 19:46:24,post_market,2026-05-15,2026-05-18,NEUTRAL,OK,458,458
POWERGRID_2026-06-30,POWERGRID,Power Grid Corporation of India Ltd.,2026-06-30,2026-Q1,2026-08-05 22:43:02,post_market,2026-08-05,2026-08-06,NEUTRAL,OK,514,514
RELIANCE_2024-06-30,RELIANCE,Reliance Industries Ltd.,2024-06-30,2024-Q1,2024-07-19 19:16:04,post_market,2024-07-19,2024-07-22,NEUTRAL,INSUFFICIENT_HISTORY_return_10d|INSUFFICIENT_HISTORY_return_20d|INSUFFICIENT_HISTORY_return_60d|INSUFFICIENT_HISTORY_volatility_20d|INSUFFICIENT_HISTORY_volatility_60d|INSUFFICIENT_HISTORY_volume_ratio_20d|INSUFFICIENT_HISTORY_distance_from_20dma|INSUFFICIENT_HISTORY_distance_from_50dma|INSUFFICIENT_HISTORY_distance_from_200dma|INSUFFICIENT_HISTORY_drawdown_from_20d_high|INSUFFICIENT_HISTORY_drawdown_from_60d_high|INSUFFICIENT_HISTORY_drawdown_from_252d_high|LIMITED_HISTORY|VERY_LIMITED_HISTORY,9,9
RELIANCE_2024-09-30,RELIANCE,Reliance Industries Ltd.,2024-09-30,2024-Q2,2024-10-14 19:02:31,post_market,2024-10-14,2024-10-15,NEUTRAL,INSUFFICIENT_HISTORY_distance_from_200dma|INSUFFICIENT_HISTORY_drawdown_from_252d_high|VERY_LIMITED_HISTORY,68,68
RELIANCE_2024-12-31,RELIANCE,Reliance Industries Ltd.,2024-12-31,2024-Q3,2025-01-16 19:25:42,post_market,2025-01-16,2025-01-17,NEUTRAL,INSUFFICIENT_HISTORY_distance_from_200dma|INSUFFICIENT_HISTORY_drawdown_from_252d_high|VERY_LIMITED_HISTORY,133,133
RELIANCE_2025-03-31,RELIANCE,Reliance Industries Ltd.,2025-03-31,2025-Q4,2025-04-25 20:05:15,post_market,2025-04-25,2025-04-28,POSITIVE,INSUFFICIENT_HISTORY_distance_from_200dma|INSUFFICIENT_HISTORY_drawdown_from_252d_high|VERY_LIMITED_HISTORY,198,198
RELIANCE_2025-06-30,RELIANCE,Reliance Industries Ltd.,2025-06-30,2025-Q1,2025-07-18 19:31:34,post_market,2025-07-18,2025-07-21,NEUTRAL,OK,257,257
RELIANCE_2025-09-30,RELIANCE,Reliance Industries Ltd.,2025-09-30,2025-Q2,2025-10-17 19:01:21,post_market,2025-10-17,2025-10-20,NEUTRAL,OK,319,319
RELIANCE_2025-12-31,RELIANCE,Reliance Industries Ltd.,2025-12-31,2025-Q3,2026-01-16 19:09:20,post_market,2026-01-16,2026-01-19,NEUTRAL,OK,380,380
RELIANCE_2026-03-31,RELIANCE,Reliance Industries Ltd.,2026-03-31,2026-Q4,2026-04-24 19:26:28,post_market,2026-04-24,2026-04-27,POSITIVE,OK,444,444
RELIANCE_2026-06-30,RELIANCE,Reliance Industries Ltd.,2026-06-30,2026-Q1,2026-07-17 19:07:44,post_market,2026-07-17,2026-07-20,NEGATIVE,OK,501,501
SBILIFE_2024-06-30,SBILIFE,SBI Life Insurance Company Ltd.,2024-06-30,2024-Q1,2024-07-24 18:50:21,post_market,2024-07-24,2024-07-25,NEUTRAL,INSUFFICIENT_HISTORY_return_20d|INSUFFICIENT_HISTORY_return_60d|INSUFFICIENT_HISTORY_volatility_20d|INSUFFICIENT_HISTORY_volatility_60d|INSUFFICIENT_HISTORY_volume_ratio_20d|INSUFFICIENT_HISTORY_distance_from_20dma|INSUFFICIENT_HISTORY_distance_from_50dma|INSUFFICIENT_HISTORY_distance_from_200dma|INSUFFICIENT_HISTORY_drawdown_from_20d_high|INSUFFICIENT_HISTORY_drawdown_from_60d_high|INSUFFICIENT_HISTORY_drawdown_from_252d_high|LIMITED_HISTORY|VERY_LIMITED_HISTORY,12,12
SBILIFE_2024-09-30,SBILIFE,SBI Life Insurance Company Ltd.,2024-09-30,2024-Q2,2024-10-23 14:40:42,during_market,2024-10-22,2024-10-24,NEUTRAL,INSUFFICIENT_HISTORY_distance_from_200dma|INSUFFICIENT_HISTORY_drawdown_from_252d_high|VERY_LIMITED_HISTORY,74,74
SBILIFE_2024-12-31,SBILIFE,SBI Life Insurance Company Ltd.,2024-12-31,2024-Q3,2025-01-17 14:35:42,during_market,2025-01-16,2025-01-20,NEGATIVE,INSUFFICIENT_HISTORY_distance_from_200dma|INSUFFICIENT_HISTORY_drawdown_from_252d_high|VERY_LIMITED_HISTORY,133,133
SBILIFE_2025-06-30,SBILIFE,SBI Life Insurance Company Ltd.,2025-06-30,2025-Q1,2025-07-24 15:22:36,during_market,2025-07-23,2025-07-25,NEUTRAL,OK,260,260
SBILIFE_2025-09-30,SBILIFE,SBI Life Insurance Company Ltd.,2025-09-30,2025-Q2,2025-10-24 15:27:47,during_market,2025-10-23,2025-10-27,POSITIVE,OK,322,322
SBILIFE_2025-12-31,SBILIFE,SBI Life Insurance Company Ltd.,2025-12-31,2025-Q3,2026-01-28 14:43:29,during_market,2026-01-27,2026-01-29,NEUTRAL,OK,386,386
SBILIFE_2026-03-31,SBILIFE,SBI Life Insurance Company Ltd.,2026-03-31,2026-Q4,2026-04-22 15:31:56,post_market,2026-04-22,2026-04-23,NEUTRAL,OK,442,442
SBILIFE_2026-06-30,SBILIFE,SBI Life Insurance Company Ltd.,2026-06-30,2026-Q1,2026-07-24 14:40:58,during_market,2026-07-23,2026-07-27,NEUTRAL,OK,505,505
SBIN_2024-06-30,SBIN,State Bank of India,2024-06-30,2024-Q1,2024-08-03 13:33:29,non_trading_day,2024-08-01,2024-08-05,NEUTRAL,INSUFFICIENT_HISTORY_return_20d|INSUFFICIENT_HISTORY_return_60d|INSUFFICIENT_HISTORY_volatility_20d|INSUFFICIENT_HISTORY_volatility_60d|INSUFFICIENT_HISTORY_volume_ratio_20d|INSUFFICIENT_HISTORY_distance_from_20dma|INSUFFICIENT_HISTORY_distance_from_50dma|INSUFFICIENT_HISTORY_distance_from_200dma|INSUFFICIENT_HISTORY_drawdown_from_20d_high|INSUFFICIENT_HISTORY_drawdown_from_60d_high|INSUFFICIENT_HISTORY_drawdown_from_252d_high|LIMITED_HISTORY|VERY_LIMITED_HISTORY,18,18
SBIN_2024-09-30,SBIN,State Bank of India,2024-09-30,2024-Q2,2024-11-08 13:41:03,during_market,2024-11-07,2024-11-11,NEGATIVE,INSUFFICIENT_HISTORY_distance_from_200dma|INSUFFICIENT_HISTORY_drawdown_from_252d_high|VERY_LIMITED_HISTORY,86,86
SBIN_2024-12-31,SBIN,State Bank of India,2024-12-31,2024-Q3,2025-02-06 14:23:58,during_market,2025-02-05,2025-02-07,NEUTRAL,INSUFFICIENT_HISTORY_distance_from_200dma|INSUFFICIENT_HISTORY_drawdown_from_252d_high|VERY_LIMITED_HISTORY,147,147
SBIN_2025-06-30,SBIN,State Bank of India,2025-06-30,2025-Q1,2025-08-08 13:48:23,during_market,2025-08-07,2025-08-11,NEUTRAL,OK,271,271
SBIN_2025-09-30,SBIN,State Bank of India,2025-09-30,2025-Q2,2025-11-04 13:26:22,during_market,2025-11-03,2025-11-06,NEUTRAL,OK,329,329
SBIN_2025-12-31,SBIN,State Bank of India,2025-12-31,2025-Q3,2026-02-07 13:30:39,non_trading_day,2026-02-05,2026-02-09,POSITIVE,OK,393,393
SBIN_2026-03-31,SBIN,State Bank of India,2026-03-31,2026-Q4,2026-05-08 14:01:38,during_market,2026-05-07,2026-05-11,NEUTRAL,OK,452,452
SBIN_2026-06-30,SBIN,State Bank of India,2026-06-30,2026-Q1,2026-08-07 13:44:20,during_market,2026-08-06,2026-08-10,NEUTRAL,OK,515,515
SHRIRAMFIN_2024-06-30,SHRIRAMFIN,Shriram Finance Ltd.,2024-06-30,2024-Q1,2024-07-26 13:06:54,during_market,2024-07-25,2024-07-29,NEUTRAL,INSUFFICIENT_HISTORY_return_20d|INSUFFICIENT_HISTORY_return_60d|INSUFFICIENT_HISTORY_volatility_20d|INSUFFICIENT_HISTORY_volatility_60d|INSUFFICIENT_HISTORY_volume_ratio_20d|INSUFFICIENT_HISTORY_distance_from_20dma|INSUFFICIENT_HISTORY_distance_from_50dma|INSUFFICIENT_HISTORY_distance_from_200dma|INSUFFICIENT_HISTORY_drawdown_from_20d_high|INSUFFICIENT_HISTORY_drawdown_from_60d_high|INSUFFICIENT_HISTORY_drawdown_from_252d_high|LIMITED_HISTORY|VERY_LIMITED_HISTORY,13,13
SHRIRAMFIN_2024-09-30,SHRIRAMFIN,Shriram Finance Ltd.,2024-09-30,2024-Q2,2024-10-25 15:54:21,post_market,2024-10-25,2024-10-28,NEGATIVE,INSUFFICIENT_HISTORY_distance_from_200dma|INSUFFICIENT_HISTORY_drawdown_from_252d_high|VERY_LIMITED_HISTORY,77,77
SHRIRAMFIN_2024-12-31,SHRIRAMFIN,Shriram Finance Ltd.,2024-12-31,2024-Q3,2025-01-24 15:08:31,during_market,2025-01-23,2025-01-27,POSITIVE,INSUFFICIENT_HISTORY_distance_from_200dma|INSUFFICIENT_HISTORY_drawdown_from_252d_high|VERY_LIMITED_HISTORY,138,138
SHRIRAMFIN_2025-06-30,SHRIRAMFIN,Shriram Finance Ltd.,2025-06-30,2025-Q1,2025-07-25 13:43:56,during_market,2025-07-24,2025-07-28,NEUTRAL,OK,261,261
SHRIRAMFIN_2025-09-30,SHRIRAMFIN,Shriram Finance Ltd.,2025-09-30,2025-Q2,2025-10-31 14:33:22,during_market,2025-10-30,2025-11-03,POSITIVE,OK,327,327
SHRIRAMFIN_2025-12-31,SHRIRAMFIN,Shriram Finance Ltd.,2025-12-31,2025-Q3,2026-01-23 14:09:50,during_market,2026-01-22,2026-01-27,NEUTRAL,OK,384,384
SHRIRAMFIN_2026-03-31,SHRIRAMFIN,Shriram Finance Ltd.,2026-03-31,2026-Q4,2026-04-24 15:05:55,during_market,2026-04-23,2026-04-27,NEGATIVE,OK,443,443
SHRIRAMFIN_2026-06-30,SHRIRAMFIN,Shriram Finance Ltd.,2026-06-30,2026-Q1,2026-07-24 13:50:47,during_market,2026-07-23,2026-07-27,NEGATIVE,OK,505,505
SUNPHARMA_2024-06-30,SUNPHARMA,Sun Pharmaceutical Industries Ltd.,2024-06-30,2024-Q1,2024-08-01 14:12:02,during_market,2024-07-31,2024-08-02,NEUTRAL,INSUFFICIENT_HISTORY_return_20d|INSUFFICIENT_HISTORY_return_60d|INSUFFICIENT_HISTORY_volatility_20d|INSUFFICIENT_HISTORY_volatility_60d|INSUFFICIENT_HISTORY_volume_ratio_20d|INSUFFICIENT_HISTORY_distance_from_20dma|INSUFFICIENT_HISTORY_distance_from_50dma|INSUFFICIENT_HISTORY_distance_from_200dma|INSUFFICIENT_HISTORY_drawdown_from_20d_high|INSUFFICIENT_HISTORY_drawdown_from_60d_high|INSUFFICIENT_HISTORY_drawdown_from_252d_high|LIMITED_HISTORY|VERY_LIMITED_HISTORY,17,17
SUNPHARMA_2024-09-30,SUNPHARMA,Sun Pharmaceutical Industries Ltd.,2024-09-30,2024-Q2,2024-10-28 14:37:52,during_market,2024-10-25,2024-10-29,NEUTRAL,INSUFFICIENT_HISTORY_distance_from_200dma|INSUFFICIENT_HISTORY_drawdown_from_252d_high|VERY_LIMITED_HISTORY,77,77
SUNPHARMA_2024-12-31,SUNPHARMA,Sun Pharmaceutical Industries Ltd.,2024-12-31,2024-Q3,2025-01-31 15:11:53,during_market,2025-01-30,2025-02-03,NEUTRAL,INSUFFICIENT_HISTORY_distance_from_200dma|INSUFFICIENT_HISTORY_drawdown_from_252d_high|VERY_LIMITED_HISTORY,143,143
SUNPHARMA_2025-03-31,SUNPHARMA,Sun Pharmaceutical Industries Ltd.,2025-03-31,2025-Q4,2025-05-22 16:51:07,post_market,2025-05-22,2025-05-23,NEUTRAL,INSUFFICIENT_HISTORY_drawdown_from_252d_high|VERY_LIMITED_HISTORY,216,216
SUNPHARMA_2025-06-30,SUNPHARMA,Sun Pharmaceutical Industries Ltd.,2025-06-30,2025-Q1,2025-07-31 14:22:11,during_market,2025-07-30,2025-08-01,NEGATIVE,OK,265,265
SUNPHARMA_2025-09-30,SUNPHARMA,Sun Pharmaceutical Industries Ltd.,2025-09-30,2025-Q2,2025-11-05 16:05:32,non_trading_day,2025-11-03,2025-11-06,NEUTRAL,OK,329,329
SUNPHARMA_2025-12-31,SUNPHARMA,Sun Pharmaceutical Industries Ltd.,2025-12-31,2025-Q3,2026-01-31 14:28:16,non_trading_day,2026-01-29,2026-02-02,POSITIVE,OK,388,388
SUNPHARMA_2026-03-31,SUNPHARMA,Sun Pharmaceutical Industries Ltd.,2026-03-31,2026-Q4,2026-05-22 14:43:51,during_market,2026-05-21,2026-05-25,NEUTRAL,OK,462,462
SUNPHARMA_2026-09-30,SUNPHARMA,Sun Pharmaceutical Industries Ltd.,2026-09-30,2026-Q2,2026-07-31 14:30:19,during_market,2026-07-30,2026-08-03,NEUTRAL,OK,510,510
TATACONSUM_2024-06-30,TATACONSUM,Tata Consumer Products Ltd.,2024-06-30,2024-Q1,2024-07-30 16:52:50,post_market,2024-07-30,2024-07-31,POSITIVE,INSUFFICIENT_HISTORY_return_20d|INSUFFICIENT_HISTORY_return_60d|INSUFFICIENT_HISTORY_volatility_20d|INSUFFICIENT_HISTORY_volatility_60d|INSUFFICIENT_HISTORY_volume_ratio_20d|INSUFFICIENT_HISTORY_distance_from_20dma|INSUFFICIENT_HISTORY_distance_from_50dma|INSUFFICIENT_HISTORY_distance_from_200dma|INSUFFICIENT_HISTORY_drawdown_from_20d_high|INSUFFICIENT_HISTORY_drawdown_from_60d_high|INSUFFICIENT_HISTORY_drawdown_from_252d_high|LIMITED_HISTORY|VERY_LIMITED_HISTORY,16,16
TATACONSUM_2024-09-30,TATACONSUM,Tata Consumer Products Ltd.,2024-09-30,2024-Q2,2024-10-18 16:36:11,post_market,2024-10-18,2024-10-21,NEUTRAL,INSUFFICIENT_HISTORY_distance_from_200dma|INSUFFICIENT_HISTORY_drawdown_from_252d_high|VERY_LIMITED_HISTORY,72,72
TATACONSUM_2024-12-31,TATACONSUM,Tata Consumer Products Ltd.,2024-12-31,2024-Q3,2025-01-30 17:13:55,post_market,2025-01-30,2025-01-31,NEUTRAL,INSUFFICIENT_HISTORY_distance_from_200dma|INSUFFICIENT_HISTORY_drawdown_from_252d_high|VERY_LIMITED_HISTORY,143,143
TATACONSUM_2025-06-30,TATACONSUM,Tata Consumer Products Ltd.,2025-06-30,2025-Q1,2025-07-23 17:10:45,post_market,2025-07-23,2025-07-24,NEUTRAL,OK,260,260
TATACONSUM_2025-09-30,TATACONSUM,Tata Consumer Products Ltd.,2025-09-30,2025-Q3,2025-11-03 12:50:10,during_market,2025-10-31,2025-11-04,NEGATIVE,OK,328,328
TATACONSUM_2025-12-31,TATACONSUM,Tata Consumer Products Ltd.,2025-12-31,2025-Q3,2026-01-27 13:13:27,during_market,2026-01-23,2026-01-28,NEUTRAL,OK,385,385
TATACONSUM_2026-03-31,TATACONSUM,Tata Consumer Products Ltd.,2026-03-31,2026-Q4,2026-05-08 16:54:55,post_market,2026-05-08,2026-05-11,NEGATIVE,OK,453,453
TATACONSUM_2026-06-30,TATACONSUM,Tata Consumer Products Ltd.,2026-06-30,2026-Q1,2026-07-24 15:57:57,post_market,2026-07-24,2026-07-27,NEGATIVE,OK,506,506
TATASTEEL_2024-06-30,TATASTEEL,Tata Steel Ltd.,2024-06-30,2024-Q1,2024-07-31 18:10:55,post_market,2024-07-31,2024-08-01,NEGATIVE,INSUFFICIENT_HISTORY_return_20d|INSUFFICIENT_HISTORY_return_60d|INSUFFICIENT_HISTORY_volatility_20d|INSUFFICIENT_HISTORY_volatility_60d|INSUFFICIENT_HISTORY_volume_ratio_20d|INSUFFICIENT_HISTORY_distance_from_20dma|INSUFFICIENT_HISTORY_distance_from_50dma|INSUFFICIENT_HISTORY_distance_from_200dma|INSUFFICIENT_HISTORY_drawdown_from_20d_high|INSUFFICIENT_HISTORY_drawdown_from_60d_high|INSUFFICIENT_HISTORY_drawdown_from_252d_high|LIMITED_HISTORY|VERY_LIMITED_HISTORY,17,17
TATASTEEL_2024-09-30,TATASTEEL,Tata Steel Ltd.,2024-09-30,2024-Q2,2024-11-06 17:30:38,post_market,2024-11-06,2024-11-07,NEGATIVE,INSUFFICIENT_HISTORY_distance_from_200dma|INSUFFICIENT_HISTORY_drawdown_from_252d_high|VERY_LIMITED_HISTORY,85,85
TATASTEEL_2024-12-31,TATASTEEL,Tata Steel Ltd.,2024-12-31,2024-Q3,2025-01-27 18:31:38,post_market,2025-01-27,2025-01-28,POSITIVE,INSUFFICIENT_HISTORY_distance_from_200dma|INSUFFICIENT_HISTORY_drawdown_from_252d_high|VERY_LIMITED_HISTORY,140,140
TATASTEEL_2025-06-30,TATASTEEL,Tata Steel Ltd.,2025-06-30,2025-Q1,2025-07-30 17:59:07,post_market,2025-07-30,2025-07-31,NEUTRAL,OK,265,265
TATASTEEL_2025-09-30,TATASTEEL,Tata Steel Ltd.,2025-09-30,2025-Q2,2025-11-12 18:01:54,post_market,2025-11-12,2025-11-13,NEGATIVE,OK,335,335
TATASTEEL_2025-12-31,TATASTEEL,Tata Steel Ltd.,2025-12-31,2025-Q3,2026-02-06 16:36:12,post_market,2026-02-06,2026-02-09,POSITIVE,OK,394,394
TATASTEEL_2026-03-31,TATASTEEL,Tata Steel Ltd.,2026-03-31,2026-Q4,2026-05-15 17:44:51,post_market,2026-05-15,2026-05-18,NEUTRAL,OK,458,458
TATASTEEL_2026-06-30,TATASTEEL,Tata Steel Ltd.,2026-06-30,2026-Q1,2026-07-30 18:49:55,post_market,2026-07-30,2026-07-31,NEUTRAL,OK,510,510
TCS_2024-06-30,TCS,Tata Consultancy Services Ltd.,2024-06-30,2024-Q1,2024-07-11 15:38:49,post_market,2024-07-11,2024-07-12,NEUTRAL,INSUFFICIENT_HISTORY_return_5d|INSUFFICIENT_HISTORY_return_10d|INSUFFICIENT_HISTORY_return_20d|INSUFFICIENT_HISTORY_return_60d|INSUFFICIENT_HISTORY_volatility_5d|INSUFFICIENT_HISTORY_volatility_20d|INSUFFICIENT_HISTORY_volatility_60d|INSUFFICIENT_HISTORY_volume_ratio_5d|INSUFFICIENT_HISTORY_volume_ratio_20d|INSUFFICIENT_HISTORY_distance_from_20dma|INSUFFICIENT_HISTORY_distance_from_50dma|INSUFFICIENT_HISTORY_distance_from_200dma|INSUFFICIENT_HISTORY_drawdown_from_20d_high|INSUFFICIENT_HISTORY_drawdown_from_60d_high|INSUFFICIENT_HISTORY_drawdown_from_252d_high|LIMITED_HISTORY|VERY_LIMITED_HISTORY,4,4
TCS_2024-09-30,TCS,Tata Consultancy Services Ltd.,2024-09-30,2024-Q2,2024-10-10 16:06:39,post_market,2024-10-10,2024-10-11,NEUTRAL,INSUFFICIENT_HISTORY_distance_from_200dma|INSUFFICIENT_HISTORY_drawdown_from_252d_high|VERY_LIMITED_HISTORY,66,66
TCS_2024-12-31,TCS,Tata Consultancy Services Ltd.,2024-12-31,2024-Q3,2025-01-09 16:10:53,post_market,2025-01-09,2025-01-10,NEUTRAL,INSUFFICIENT_HISTORY_distance_from_200dma|INSUFFICIENT_HISTORY_drawdown_from_252d_high|VERY_LIMITED_HISTORY,128,128
TCS_2025-06-30,TCS,Tata Consultancy Services Ltd.,2025-06-30,2025-Q1,2025-07-10 15:57:29,post_market,2025-07-10,2025-07-11,NEUTRAL,INSUFFICIENT_HISTORY_drawdown_from_252d_high|VERY_LIMITED_HISTORY,251,251
TCS_2025-09-30,TCS,Tata Consultancy Services Ltd.,2025-09-30,2025-Q2,2025-10-09 15:52:18,post_market,2025-10-09,2025-10-10,NEGATIVE,OK,313,313
TCS_2025-12-31,TCS,Tata Consultancy Services Ltd.,2025-12-31,2025-Q3,2026-01-12 15:50:27,post_market,2026-01-12,2026-01-13,NEGATIVE,OK,377,377
TCS_2026-03-31,TCS,Tata Consultancy Services Ltd.,2026-03-31,2026-Q4,2026-04-09 15:55:34,post_market,2026-04-09,2026-04-10,NEUTRAL,OK,434,434
TCS_2026-06-30,TCS,Tata Consultancy Services Ltd.,2026-06-30,2026-Q1,2026-07-09 15:52:21,post_market,2026-07-09,2026-07-10,POSITIVE,OK,495,495
TECHM_2024-06-30,TECHM,Tech Mahindra Ltd.,2024-06-30,2024-Q1,2024-07-25 16:04:57,post_market,2024-07-25,2024-07-26,NEUTRAL,INSUFFICIENT_HISTORY_return_20d|INSUFFICIENT_HISTORY_return_60d|INSUFFICIENT_HISTORY_volatility_20d|INSUFFICIENT_HISTORY_volatility_60d|INSUFFICIENT_HISTORY_volume_ratio_20d|INSUFFICIENT_HISTORY_distance_from_20dma|INSUFFICIENT_HISTORY_distance_from_50dma|INSUFFICIENT_HISTORY_distance_from_200dma|INSUFFICIENT_HISTORY_drawdown_from_20d_high|INSUFFICIENT_HISTORY_drawdown_from_60d_high|INSUFFICIENT_HISTORY_drawdown_from_252d_high|LIMITED_HISTORY|VERY_LIMITED_HISTORY,13,13
TECHM_2024-09-30,TECHM,Tech Mahindra Ltd.,2024-09-30,2024-Q2,2024-10-19 04:37:30,non_trading_day,2024-10-17,2024-10-21,POSITIVE,INSUFFICIENT_HISTORY_distance_from_200dma|INSUFFICIENT_HISTORY_drawdown_from_252d_high|VERY_LIMITED_HISTORY,71,71
TECHM_2024-12-31,TECHM,Tech Mahindra Ltd.,2024-12-31,2024-Q3,2025-01-17 15:41:55,post_market,2025-01-17,2025-01-20,POSITIVE,INSUFFICIENT_HISTORY_distance_from_200dma|INSUFFICIENT_HISTORY_drawdown_from_252d_high|VERY_LIMITED_HISTORY,134,134
TECHM_2025-06-30,TECHM,Tech Mahindra Ltd.,2025-06-30,2025-Q1,2025-07-16 16:21:22,post_market,2025-07-16,2025-07-17,NEUTRAL,OK,255,255
TECHM_2025-09-30,TECHM,Tech Mahindra Ltd.,2025-09-30,2025-Q2,2025-10-14 18:19:31,post_market,2025-10-14,2025-10-15,NEGATIVE,OK,316,316
TECHM_2025-12-31,TECHM,Tech Mahindra Ltd.,2025-12-31,2025-Q3,2026-01-16 15:55:40,post_market,2026-01-16,2026-01-19,NEUTRAL,OK,380,380
TECHM_2026-03-31,TECHM,Tech Mahindra Ltd.,2026-03-31,2026-Q4,2026-04-22 13:51:29,during_market,2026-04-21,2026-04-23,NEUTRAL,OK,441,441
TECHM_2026-06-30,TECHM,Tech Mahindra Ltd.,2026-06-30,2026-Q1,2026-07-16 16:05:12,post_market,2026-07-16,2026-07-17,NEUTRAL,OK,500,500
TITAN_2024-06-30,TITAN,Titan Company Ltd.,2024-06-30,2024-Q1,2024-08-02 17:22:06,post_market,2024-08-02,2024-08-05,NEGATIVE,INSUFFICIENT_HISTORY_return_20d|INSUFFICIENT_HISTORY_return_60d|INSUFFICIENT_HISTORY_volatility_20d|INSUFFICIENT_HISTORY_volatility_60d|INSUFFICIENT_HISTORY_volume_ratio_20d|INSUFFICIENT_HISTORY_distance_from_20dma|INSUFFICIENT_HISTORY_distance_from_50dma|INSUFFICIENT_HISTORY_distance_from_200dma|INSUFFICIENT_HISTORY_drawdown_from_20d_high|INSUFFICIENT_HISTORY_drawdown_from_60d_high|INSUFFICIENT_HISTORY_drawdown_from_252d_high|LIMITED_HISTORY|VERY_LIMITED_HISTORY,19,19
TITAN_2024-09-30,TITAN,Titan Company Ltd.,2024-09-30,2024-Q2,2024-11-05 16:10:09,post_market,2024-11-05,2024-11-06,POSITIVE,INSUFFICIENT_HISTORY_distance_from_200dma|INSUFFICIENT_HISTORY_drawdown_from_252d_high|VERY_LIMITED_HISTORY,84,84
TITAN_2024-12-31,TITAN,Titan Company Ltd.,2024-12-31,2025-Q4,2025-02-04 17:33:53,post_market,2025-02-04,2025-02-05,NEGATIVE,INSUFFICIENT_HISTORY_distance_from_200dma|INSUFFICIENT_HISTORY_drawdown_from_252d_high|VERY_LIMITED_HISTORY,146,146
TITAN_2025-06-30,TITAN,Titan Company Ltd.,2025-06-30,2025-Q1,2025-08-07 17:10:41,post_market,2025-08-07,2025-08-08,NEUTRAL,OK,271,271
TITAN_2025-09-30,TITAN,Titan Company Ltd.,2025-09-30,2025-Q2,2025-11-03 18:22:12,post_market,2025-11-03,2025-11-04,NEUTRAL,OK,329,329
TITAN_2025-12-31,TITAN,Titan Company Ltd.,2025-12-31,2025-Q3,2026-02-10 17:04:16,post_market,2026-02-10,2026-02-11,NEUTRAL,OK,396,396
TITAN_2026-03-31,TITAN,Titan Company Ltd.,2026-03-31,2026-Q4,2026-05-08 13:53:28,during_market,2026-05-07,2026-05-11,NEUTRAL,OK,452,452
TITAN_2026-06-30,TITAN,Titan Company Ltd.,2026-06-30,2026-Q1,2026-08-07 16:04:29,post_market,2026-08-07,2026-08-10,NEUTRAL,OK,516,516
TMPV_2025-09-30,TMPV,Tata Motors Passenger Vehicles Ltd.,2025-09-30,2025-Q2,2025-11-14 15:27:48,during_market,2025-11-13,2025-11-17,NEGATIVE,INSUFFICIENT_HISTORY_return_20d|INSUFFICIENT_HISTORY_return_60d|INSUFFICIENT_HISTORY_volatility_20d|INSUFFICIENT_HISTORY_volatility_60d|INSUFFICIENT_HISTORY_volume_ratio_20d|INSUFFICIENT_HISTORY_distance_from_20dma|INSUFFICIENT_HISTORY_distance_from_50dma|INSUFFICIENT_HISTORY_distance_from_200dma|INSUFFICIENT_HISTORY_drawdown_from_20d_high|INSUFFICIENT_HISTORY_drawdown_from_60d_high|INSUFFICIENT_HISTORY_drawdown_from_252d_high|LIMITED_HISTORY|VERY_LIMITED_HISTORY,14,336
TMPV_2025-12-31,TMPV,Tata Motors Passenger Vehicles Ltd.,2025-12-31,2025-Q3,2026-02-05 15:59:01,post_market,2026-02-05,2026-02-06,POSITIVE,INSUFFICIENT_HISTORY_distance_from_200dma|INSUFFICIENT_HISTORY_drawdown_from_252d_high|VERY_LIMITED_HISTORY,71,393
TMPV_2026-03-31,TMPV,Tata Motors Passenger Vehicles Ltd.,2026-03-31,2026-Q4,2026-05-14 16:26:06,post_market,2026-05-14,2026-05-15,NEUTRAL,INSUFFICIENT_HISTORY_distance_from_200dma|INSUFFICIENT_HISTORY_drawdown_from_252d_high|VERY_LIMITED_HISTORY,135,457
TMPV_2026-06-30,TMPV,Tata Motors Passenger Vehicles Ltd.,2026-06-30,2026-Q1,2026-08-13 16:02:23,post_market,2026-08-13,2026-08-14,NEGATIVE,INSUFFICIENT_HISTORY_distance_from_200dma|INSUFFICIENT_HISTORY_drawdown_from_252d_high|VERY_LIMITED_HISTORY,198,520
TRENT_2024-06-30,TRENT,Trent Ltd.,2024-06-30,2024-Q1,2024-08-09 12:42:40,during_market,2024-08-08,2024-08-12,NEUTRAL,INSUFFICIENT_HISTORY_return_60d|INSUFFICIENT_HISTORY_volatility_60d|INSUFFICIENT_HISTORY_distance_from_50dma|INSUFFICIENT_HISTORY_distance_from_200dma|INSUFFICIENT_HISTORY_drawdown_from_60d_high|INSUFFICIENT_HISTORY_drawdown_from_252d_high|LIMITED_HISTORY|VERY_LIMITED_HISTORY,23,23
TRENT_2024-09-30,TRENT,Trent Ltd.,2024-09-30,2024-Q2,2024-11-07 12:10:38,during_market,2024-11-06,2024-11-08,POSITIVE,INSUFFICIENT_HISTORY_distance_from_200dma|INSUFFICIENT_HISTORY_drawdown_from_252d_high|VERY_LIMITED_HISTORY,85,85
TRENT_2024-12-31,TRENT,Trent Ltd.,2024-12-31,2024-Q3,2025-02-06 12:54:30,during_market,2025-02-05,2025-02-07,NEUTRAL,INSUFFICIENT_HISTORY_distance_from_200dma|INSUFFICIENT_HISTORY_drawdown_from_252d_high|VERY_LIMITED_HISTORY,147,147
ULTRACEMCO_2024-06-30,ULTRACEMCO,UltraTech Cement Ltd.,2024-06-30,2024-Q1,2024-07-19 14:46:27,during_market,2024-07-18,2024-07-22,NEUTRAL,INSUFFICIENT_HISTORY_return_10d|INSUFFICIENT_HISTORY_return_20d|INSUFFICIENT_HISTORY_return_60d|INSUFFICIENT_HISTORY_volatility_20d|INSUFFICIENT_HISTORY_volatility_60d|INSUFFICIENT_HISTORY_volume_ratio_20d|INSUFFICIENT_HISTORY_distance_from_20dma|INSUFFICIENT_HISTORY_distance_from_50dma|INSUFFICIENT_HISTORY_distance_from_200dma|INSUFFICIENT_HISTORY_drawdown_from_20d_high|INSUFFICIENT_HISTORY_drawdown_from_60d_high|INSUFFICIENT_HISTORY_drawdown_from_252d_high|LIMITED_HISTORY|VERY_LIMITED_HISTORY,8,8
ULTRACEMCO_2024-09-30,ULTRACEMCO,UltraTech Cement Ltd.,2024-09-30,2024-Q2,2024-10-21 14:02:48,during_market,2024-10-18,2024-10-22,POSITIVE,INSUFFICIENT_HISTORY_distance_from_200dma|INSUFFICIENT_HISTORY_drawdown_from_252d_high|VERY_LIMITED_HISTORY,72,72
ULTRACEMCO_2024-12-31,ULTRACEMCO,UltraTech Cement Ltd.,2024-12-31,2024-Q3,2025-01-23 13:56:45,during_market,2025-01-22,2025-01-24,NEUTRAL,INSUFFICIENT_HISTORY_distance_from_200dma|INSUFFICIENT_HISTORY_drawdown_from_252d_high|VERY_LIMITED_HISTORY,137,137
ULTRACEMCO_2025-06-30,ULTRACEMCO,UltraTech Cement Ltd.,2025-06-30,2025-Q1,2025-07-21 13:50:25,during_market,2025-07-18,2025-07-22,NEUTRAL,OK,257,257
ULTRACEMCO_2025-09-30,ULTRACEMCO,UltraTech Cement Ltd.,2025-09-30,2025-Q2,2025-10-18 14:02:25,non_trading_day,2025-10-16,2025-10-20,NEGATIVE,OK,318,318
ULTRACEMCO_2025-12-31,ULTRACEMCO,UltraTech Cement Ltd.,2025-12-31,2025-Q3,2026-01-24 13:19:39,non_trading_day,2026-01-22,2026-01-27,NEUTRAL,OK,384,384
ULTRACEMCO_2026-03-31,ULTRACEMCO,UltraTech Cement Ltd.,2026-03-31,2026-Q4,2026-04-27 14:26:21,during_market,2026-04-24,2026-04-28,NEUTRAL,OK,444,444
ULTRACEMCO_2026-06-30,ULTRACEMCO,UltraTech Cement Ltd.,2026-06-30,2026-Q1,2026-07-20 14:22:16,during_market,2026-07-17,2026-07-21,NEUTRAL,OK,501,501
WIPRO_2024-06-30,WIPRO,Wipro Ltd.,2024-06-30,2024-Q1,2024-07-19 15:34:36,post_market,2024-07-19,2024-07-22,NEUTRAL,INSUFFICIENT_HISTORY_return_10d|INSUFFICIENT_HISTORY_return_20d|INSUFFICIENT_HISTORY_return_60d|INSUFFICIENT_HISTORY_volatility_20d|INSUFFICIENT_HISTORY_volatility_60d|INSUFFICIENT_HISTORY_volume_ratio_20d|INSUFFICIENT_HISTORY_distance_from_20dma|INSUFFICIENT_HISTORY_distance_from_50dma|INSUFFICIENT_HISTORY_distance_from_200dma|INSUFFICIENT_HISTORY_drawdown_from_20d_high|INSUFFICIENT_HISTORY_drawdown_from_60d_high|INSUFFICIENT_HISTORY_drawdown_from_252d_high|LIMITED_HISTORY|VERY_LIMITED_HISTORY,9,9
WIPRO_2024-09-30,WIPRO,Wipro Ltd.,2024-09-30,2024-Q2,2024-10-17 15:45:00,post_market,2024-10-17,2024-10-18,NEUTRAL,INSUFFICIENT_HISTORY_distance_from_200dma|INSUFFICIENT_HISTORY_drawdown_from_252d_high|VERY_LIMITED_HISTORY,71,71
WIPRO_2024-12-31,WIPRO,Wipro Ltd.,2024-12-31,2024-Q3,2025-01-17 15:40:00,post_market,2025-01-17,2025-01-20,POSITIVE,INSUFFICIENT_HISTORY_distance_from_200dma|INSUFFICIENT_HISTORY_drawdown_from_252d_high|VERY_LIMITED_HISTORY,134,134
WIPRO_2025-06-30,WIPRO,Wipro Ltd.,2025-06-30,2025-Q1,2025-07-17 15:37:48,post_market,2025-07-17,2025-07-18,NEGATIVE,OK,256,256
WIPRO_2025-09-30,WIPRO,Wipro Ltd.,2025-09-30,2025-Q2,2025-10-16 15:42:44,post_market,2025-10-16,2025-10-17,NEUTRAL,OK,318,318
WIPRO_2025-12-31,WIPRO,Wipro Ltd.,2025-12-31,2025-Q3,2026-01-16 15:39:57,post_market,2026-01-16,2026-01-19,NEUTRAL,OK,380,380
WIPRO_2026-03-31,WIPRO,Wipro Ltd.,2026-03-31,2026-Q4,2026-04-16 16:26:22,post_market,2026-04-16,2026-04-17,NEUTRAL,OK,438,438
WIPRO_2026-06-30,WIPRO,Wipro Ltd.,2026-06-30,2026-Q1,2026-07-16 15:49:54,post_market,2026-07-16,2026-07-17,NEUTRAL,OK,500,500
